path,true_label,error_count,run_count,stability_tier,pred_seed42,confidence_seed42,correct_seed42,pred_train2025,confidence_train2025,correct_train2025,pred_train3407,confidence_train3407,correct_train3407,pred_labels,confidences,max_confidence,mean_confidence,same_wrong_label,error_pairs,diagnostic_category
datasets/6a39ed934d7b489daf5f80a4-momodel/train/cloudy/cloudy_00393.jpg,cloudy,3,3,3/3,sunny,0.980882,0,sunny,0.969797,0,sunny,0.922608,0,seed42:sunny;train2025:sunny;train3407:sunny,seed42:0.980882;train2025:0.969797;train3407:0.922608,0.980882,0.957762,1,cloudy->sunny,stable_high_conf_error
datasets/6a39ed934d7b489daf5f80a4-momodel/train/rainy/rainy_00408.jpg,rainy,3,3,3/3,cloudy,0.945416,0,cloudy,0.949923,0,cloudy,0.937509,0,seed42:cloudy;train2025:cloudy;train3407:cloudy,seed42:0.945416;train2025:0.949923;train3407:0.937509,0.949923,0.944283,1,rainy->cloudy,stable_high_conf_error
datasets/6a39ed934d7b489daf5f80a4-momodel/train/cloudy/cloudy_00403.jpg,cloudy,3,3,3/3,sunny,0.910255,0,sunny,0.915573,0,sunny,0.967679,0,seed42:sunny;train2025:sunny;train3407:sunny,seed42:0.910255;train2025:0.915573;train3407:0.967679,0.967679,0.931169,1,cloudy->sunny,stable_high_conf_error
datasets/6a39ed934d7b489daf5f80a4-momodel/train/cloudy/cloudy_00626.jpg,cloudy,3,3,3/3,sunny,0.908627,0,sunny,0.924859,0,sunny,0.946982,0,seed42:sunny;train2025:sunny;train3407:sunny,seed42:0.908627;train2025:0.924859;train3407:0.946982,0.946982,0.926823,1,cloudy->sunny,stable_high_conf_error
datasets/6a39ed934d7b489daf5f80a4-momodel/train/sunny/sunny_00219.jpg,sunny,3,3,3/3,cloudy,0.861424,0,cloudy,0.934128,0,cloudy,0.969014,0,seed42:cloudy;train2025:cloudy;train3407:cloudy,seed42:0.861424;train2025:0.934128;train3407:0.969014,0.969014,0.921522,1,sunny->cloudy,stable_high_conf_error
datasets/6a39ed934d7b489daf5f80a4-momodel/train/cloudy/cloudy_00764.jpg,cloudy,3,3,3/3,rainy,0.906325,0,rainy,0.949249,0,rainy,0.904155,0,seed42:rainy;train2025:rainy;train3407:rainy,seed42:0.906325;train2025:0.949249;train3407:0.904155,0.949249,0.919910,1,cloudy->rainy,stable_high_conf_error
datasets/6a39ed934d7b489daf5f80a4-momodel/train/sunny/sunny_01467.jpg,sunny,3,3,3/3,cloudy,0.931514,0,cloudy,0.858266,0,cloudy,0.959163,0,seed42:cloudy;train2025:cloudy;train3407:cloudy,seed42:0.931514;train2025:0.858266;train3407:0.959163,0.959163,0.916314,1,sunny->cloudy,stable_high_conf_error
datasets/6a39ed934d7b489daf5f80a4-momodel/train/rainy/rainy_00143.jpg,rainy,3,3,3/3,cloudy,0.899253,0,cloudy,0.943962,0,cloudy,0.872939,0,seed42:cloudy;train2025:cloudy;train3407:cloudy,seed42:0.899253;train2025:0.943962;train3407:0.872939,0.943962,0.905385,1,rainy->cloudy,stable_high_conf_error
datasets/6a39ed934d7b489daf5f80a4-momodel/train/rainy/rainy_00220.jpg,rainy,3,3,3/3,cloudy,0.891915,0,cloudy,0.881466,0,cloudy,0.940358,0,seed42:cloudy;train2025:cloudy;train3407:cloudy,seed42:0.891915;train2025:0.881466;train3407:0.940358,0.940358,0.904580,1,rainy->cloudy,stable_high_conf_error
datasets/6a39ed934d7b489daf5f80a4-momodel/train/cloudy/cloudy_00113.jpg,cloudy,3,3,3/3,sunny,0.952445,0,sunny,0.958636,0,sunny,0.797818,0,seed42:sunny;train2025:sunny;train3407:sunny,seed42:0.952445;train2025:0.958636;train3407:0.797818,0.958636,0.902966,1,cloudy->sunny,stable_high_conf_error
datasets/6a39ed934d7b489daf5f80a4-momodel/train/snowy/snowy_00354.jpg,snowy,3,3,3/3,sunny,0.922502,0,sunny,0.821953,0,sunny,0.916166,0,seed42:sunny;train2025:sunny;train3407:sunny,seed42:0.922502;train2025:0.821953;train3407:0.916166,0.922502,0.886874,1,snowy->sunny,stable_high_conf_error
datasets/6a39ed934d7b489daf5f80a4-momodel/train/cloudy/cloudy_00099.jpg,cloudy,3,3,3/3,sunny,0.907313,0,sunny,0.949874,0,sunny,0.790363,0,seed42:sunny;train2025:sunny;train3407:sunny,seed42:0.907313;train2025:0.949874;train3407:0.790363,0.949874,0.882517,1,cloudy->sunny,stable_high_conf_error
datasets/6a39ed934d7b489daf5f80a4-momodel/train/cloudy/cloudy_01401.jpg,cloudy,3,3,3/3,sunny,0.946297,0,sunny,0.762686,0,sunny,0.881854,0,seed42:sunny;train2025:sunny;train3407:sunny,seed42:0.946297;train2025:0.762686;train3407:0.881854,0.946297,0.863612,1,cloudy->sunny,stable_high_conf_error
datasets/6a39ed934d7b489daf5f80a4-momodel/train/sunny/sunny_00019.jpg,sunny,3,3,3/3,cloudy,0.630489,0,cloudy,0.920389,0,cloudy,0.972289,0,seed42:cloudy;train2025:cloudy;train3407:cloudy,seed42:0.630489;train2025:0.920389;train3407:0.972289,0.972289,0.841056,1,sunny->cloudy,stable_high_conf_error
datasets/6a39ed934d7b489daf5f80a4-momodel/train/sunny/sunny_00420.jpg,sunny,3,3,3/3,cloudy,0.724290,0,cloudy,0.920548,0,cloudy,0.867182,0,seed42:cloudy;train2025:cloudy;train3407:cloudy,seed42:0.724290;train2025:0.920548;train3407:0.867182,0.920548,0.837340,1,sunny->cloudy,stable_high_conf_error
datasets/6a39ed934d7b489daf5f80a4-momodel/train/sunny/sunny_01012.jpg,sunny,3,3,3/3,cloudy,0.647571,0,cloudy,0.913605,0,cloudy,0.941975,0,seed42:cloudy;train2025:cloudy;train3407:cloudy,seed42:0.647571;train2025:0.913605;train3407:0.941975,0.941975,0.834384,1,sunny->cloudy,stable_high_conf_error
datasets/6a39ed934d7b489daf5f80a4-momodel/train/snowy/snowy_00310.jpg,snowy,3,3,3/3,cloudy,0.908633,0,cloudy,0.777778,0,cloudy,0.799935,0,seed42:cloudy;train2025:cloudy;train3407:cloudy,seed42:0.908633;train2025:0.777778;train3407:0.799935,0.908633,0.828782,1,snowy->cloudy,stable_high_conf_error
datasets/6a39ed934d7b489daf5f80a4-momodel/train/snowy/snowy_00184.jpg,snowy,3,3,3/3,rainy,0.973213,0,rainy,0.970768,0,rainy,0.527822,0,seed42:rainy;train2025:rainy;train3407:rainy,seed42:0.973213;train2025:0.970768;train3407:0.527822,0.973213,0.823934,1,snowy->rainy,stable_high_conf_error
datasets/6a39ed934d7b489daf5f80a4-momodel/train/cloudy/cloudy_00748.jpg,cloudy,3,3,3/3,sunny,0.730695,0,sunny,0.743612,0,sunny,0.813144,0,seed42:sunny;train2025:sunny;train3407:sunny,seed42:0.730695;train2025:0.743612;train3407:0.813144,0.813144,0.762484,1,cloudy->sunny,stable_model_error
datasets/6a39ed934d7b489daf5f80a4-momodel/train/snowy/snowy_00108.jpg,snowy,3,3,3/3,cloudy,0.563342,0,cloudy,0.868878,0,cloudy,0.801946,0,seed42:cloudy;train2025:cloudy;train3407:cloudy,seed42:0.563342;train2025:0.868878;train3407:0.801946,0.868878,0.744722,1,snowy->cloudy,stable_model_error
datasets/6a39ed934d7b489daf5f80a4-momodel/train/cloudy/cloudy_00770.jpg,cloudy,3,3,3/3,sunny,0.652675,0,sunny,0.639386,0,sunny,0.856996,0,seed42:sunny;train2025:sunny;train3407:sunny,seed42:0.652675;train2025:0.639386;train3407:0.856996,0.856996,0.716352,1,cloudy->sunny,stable_model_error
datasets/6a39ed934d7b489daf5f80a4-momodel/train/sunny/sunny_00142.jpg,sunny,3,3,3/3,cloudy,0.678630,0,cloudy,0.627234,0,cloudy,0.836242,0,seed42:cloudy;train2025:cloudy;train3407:cloudy,seed42:0.678630;train2025:0.627234;train3407:0.836242,0.836242,0.714035,1,sunny->cloudy,stable_model_error
datasets/6a39ed934d7b489daf5f80a4-momodel/train/snowy/snowy_00209.jpg,snowy,3,3,3/3,sunny,0.574336,0,sunny,0.692047,0,sunny,0.841672,0,seed42:sunny;train2025:sunny;train3407:sunny,seed42:0.574336;train2025:0.692047;train3407:0.841672,0.841672,0.702685,1,snowy->sunny,stable_model_error
datasets/6a39ed934d7b489daf5f80a4-momodel/train/rainy/rainy_00049.jpg,rainy,3,3,3/3,sunny,0.545972,0,sunny,0.782126,0,sunny,0.766508,0,seed42:sunny;train2025:sunny;train3407:sunny,seed42:0.545972;train2025:0.782126;train3407:0.766508,0.782126,0.698202,1,rainy->sunny,stable_model_error
datasets/6a39ed934d7b489daf5f80a4-momodel/train/rainy/rainy_00175.jpg,rainy,3,3,3/3,snowy,0.651288,0,snowy,0.737739,0,snowy,0.663345,0,seed42:snowy;train2025:snowy;train3407:snowy,seed42:0.651288;train2025:0.737739;train3407:0.663345,0.737739,0.684124,1,rainy->snowy,stable_model_error
datasets/6a39ed934d7b489daf5f80a4-momodel/train/sunny/sunny_00859.jpg,sunny,3,3,3/3,cloudy,0.590515,0,cloudy,0.800058,0,cloudy,0.643248,0,seed42:cloudy;train2025:cloudy;train3407:cloudy,seed42:0.590515;train2025:0.800058;train3407:0.643248,0.800058,0.677941,1,sunny->cloudy,stable_model_error
datasets/6a39ed934d7b489daf5f80a4-momodel/train/cloudy/cloudy_01523.jpg,cloudy,3,3,3/3,sunny,0.559435,0,sunny,0.885667,0,sunny,0.566411,0,seed42:sunny;train2025:sunny;train3407:sunny,seed42:0.559435;train2025:0.885667;train3407:0.566411,0.885667,0.670504,1,cloudy->sunny,stable_model_error
datasets/6a39ed934d7b489daf5f80a4-momodel/train/cloudy/cloudy_00981.jpg,cloudy,2,3,2/3,cloudy,0.748943,1,rainy,0.900465,0,rainy,0.892002,0,seed42:cloudy;train2025:rainy;train3407:rainy,seed42:0.748943;train2025:0.900465;train3407:0.892002,0.900465,0.847137,1,cloudy->rainy,boundary_case
datasets/6a39ed934d7b489daf5f80a4-momodel/train/cloudy/cloudy_00123.jpg,cloudy,2,3,2/3,sunny,0.860577,0,cloudy,0.846496,1,sunny,0.787613,0,seed42:sunny;train2025:cloudy;train3407:sunny,seed42:0.860577;train2025:0.846496;train3407:0.787613,0.860577,0.831562,1,cloudy->sunny,boundary_case
datasets/6a39ed934d7b489daf5f80a4-momodel/train/rainy/rainy_00202.jpg,rainy,2,3,2/3,rainy,0.547520,1,cloudy,0.910624,0,cloudy,0.956221,0,seed42:rainy;train2025:cloudy;train3407:cloudy,seed42:0.547520;train2025:0.910624;train3407:0.956221,0.956221,0.804788,1,rainy->cloudy,boundary_case
datasets/6a39ed934d7b489daf5f80a4-momodel/train/cloudy/cloudy_01373.jpg,cloudy,2,3,2/3,sunny,0.856755,0,sunny,0.745996,0,cloudy,0.802048,1,seed42:sunny;train2025:sunny;train3407:cloudy,seed42:0.856755;train2025:0.745996;train3407:0.802048,0.856755,0.801600,1,cloudy->sunny,boundary_case
datasets/6a39ed934d7b489daf5f80a4-momodel/train/cloudy/cloudy_01706.jpg,cloudy,2,3,2/3,snowy,0.762883,0,cloudy,0.543811,1,snowy,0.979264,0,seed42:snowy;train2025:cloudy;train3407:snowy,seed42:0.762883;train2025:0.543811;train3407:0.979264,0.979264,0.761986,1,cloudy->snowy,low_priority
datasets/6a39ed934d7b489daf5f80a4-momodel/train/sunny/sunny_00334.jpg,sunny,2,3,2/3,cloudy,0.893706,0,sunny,0.625421,1,cloudy,0.752215,0,seed42:cloudy;train2025:sunny;train3407:cloudy,seed42:0.893706;train2025:0.625421;train3407:0.752215,0.893706,0.757114,1,sunny->cloudy,boundary_case
datasets/6a39ed934d7b489daf5f80a4-momodel/train/cloudy/cloudy_01298.jpg,cloudy,2,3,2/3,snowy,0.723665,0,cloudy,0.623881,1,snowy,0.915525,0,seed42:snowy;train2025:cloudy;train3407:snowy,seed42:0.723665;train2025:0.623881;train3407:0.915525,0.915525,0.754357,1,cloudy->snowy,low_priority
datasets/6a39ed934d7b489daf5f80a4-momodel/train/cloudy/cloudy_00955.jpg,cloudy,2,3,2/3,cloudy,0.827064,1,sunny,0.856585,0,sunny,0.534391,0,seed42:cloudy;train2025:sunny;train3407:sunny,seed42:0.827064;train2025:0.856585;train3407:0.534391,0.856585,0.739346,1,cloudy->sunny,boundary_case
datasets/6a39ed934d7b489daf5f80a4-momodel/train/sunny/sunny_00233.jpg,sunny,2,3,2/3,cloudy,0.838171,0,cloudy,0.857369,0,sunny,0.515312,1,seed42:cloudy;train2025:cloudy;train3407:sunny,seed42:0.838171;train2025:0.857369;train3407:0.515312,0.857369,0.736951,1,sunny->cloudy,boundary_case
datasets/6a39ed934d7b489daf5f80a4-momodel/train/snowy/snowy_00285.jpg,snowy,2,3,2/3,rainy,0.522296,0,rainy,0.721912,0,snowy,0.958577,1,seed42:rainy;train2025:rainy;train3407:snowy,seed42:0.522296;train2025:0.721912;train3407:0.958577,0.958577,0.734262,1,snowy->rainy,low_priority
datasets/6a39ed934d7b489daf5f80a4-momodel/train/cloudy/cloudy_00647.jpg,cloudy,2,3,2/3,cloudy,0.677395,1,rainy,0.879378,0,rainy,0.616725,0,seed42:cloudy;train2025:rainy;train3407:rainy,seed42:0.677395;train2025:0.879378;train3407:0.616725,0.879378,0.724499,1,cloudy->rainy,boundary_case
datasets/6a39ed934d7b489daf5f80a4-momodel/train/cloudy/cloudy_01924.jpg,cloudy,2,3,2/3,sunny,0.662863,0,cloudy,0.796950,1,sunny,0.637275,0,seed42:sunny;train2025:cloudy;train3407:sunny,seed42:0.662863;train2025:0.796950;train3407:0.637275,0.796950,0.699030,1,cloudy->sunny,boundary_case
datasets/6a39ed934d7b489daf5f80a4-momodel/train/sunny/sunny_00190.jpg,sunny,2,3,2/3,cloudy,0.638840,0,sunny,0.670975,1,cloudy,0.783330,0,seed42:cloudy;train2025:sunny;train3407:cloudy,seed42:0.638840;train2025:0.670975;train3407:0.783330,0.783330,0.697715,1,sunny->cloudy,boundary_case
datasets/6a39ed934d7b489daf5f80a4-momodel/train/cloudy/cloudy_01819.jpg,cloudy,2,3,2/3,rainy,0.824930,0,cloudy,0.797431,1,rainy,0.468389,0,seed42:rainy;train2025:cloudy;train3407:rainy,seed42:0.824930;train2025:0.797431;train3407:0.468389,0.824930,0.696917,1,cloudy->rainy,boundary_case
datasets/6a39ed934d7b489daf5f80a4-momodel/train/sunny/sunny_01227.jpg,sunny,2,3,2/3,cloudy,0.651525,0,cloudy,0.764954,0,sunny,0.615480,1,seed42:cloudy;train2025:cloudy;train3407:sunny,seed42:0.651525;train2025:0.764954;train3407:0.615480,0.764954,0.677320,1,sunny->cloudy,boundary_case
datasets/6a39ed934d7b489daf5f80a4-momodel/train/sunny/sunny_00845.jpg,sunny,2,3,2/3,sunny,0.757090,1,cloudy,0.573179,0,cloudy,0.687124,0,seed42:sunny;train2025:cloudy;train3407:cloudy,seed42:0.757090;train2025:0.573179;train3407:0.687124,0.757090,0.672464,1,sunny->cloudy,boundary_case
datasets/6a39ed934d7b489daf5f80a4-momodel/train/sunny/sunny_00076.jpg,sunny,2,3,2/3,sunny,0.784318,1,cloudy,0.729618,0,cloudy,0.498872,0,seed42:sunny;train2025:cloudy;train3407:cloudy,seed42:0.784318;train2025:0.729618;train3407:0.498872,0.784318,0.670936,1,sunny->cloudy,boundary_case
datasets/6a39ed934d7b489daf5f80a4-momodel/train/cloudy/cloudy_01140.jpg,cloudy,2,3,2/3,sunny,0.573865,0,sunny,0.495171,0,cloudy,0.926496,1,seed42:sunny;train2025:sunny;train3407:cloudy,seed42:0.573865;train2025:0.495171;train3407:0.926496,0.926496,0.665177,1,cloudy->sunny,boundary_case
datasets/6a39ed934d7b489daf5f80a4-momodel/train/cloudy/cloudy_01521.jpg,cloudy,2,3,2/3,rainy,0.626891,0,cloudy,0.922717,1,snowy,0.409824,0,seed42:rainy;train2025:cloudy;train3407:snowy,seed42:0.626891;train2025:0.922717;train3407:0.409824,0.922717,0.653144,0,cloudy->rainy;cloudy->snowy,boundary_case
datasets/6a39ed934d7b489daf5f80a4-momodel/train/snowy/snowy_00054.jpg,snowy,2,3,2/3,snowy,0.819416,1,cloudy,0.662951,0,rainy,0.441494,0,seed42:snowy;train2025:cloudy;train3407:rainy,seed42:0.819416;train2025:0.662951;train3407:0.441494,0.819416,0.641287,0,snowy->cloudy;snowy->rainy,low_priority
datasets/6a39ed934d7b489daf5f80a4-momodel/train/cloudy/cloudy_00654.jpg,cloudy,2,3,2/3,cloudy,0.585377,1,rainy,0.532443,0,rainy,0.800355,0,seed42:cloudy;train2025:rainy;train3407:rainy,seed42:0.585377;train2025:0.532443;train3407:0.800355,0.800355,0.639392,1,cloudy->rainy,boundary_case
datasets/6a39ed934d7b489daf5f80a4-momodel/train/sunny/sunny_01264.jpg,sunny,2,3,2/3,snowy,0.795655,0,snowy,0.549177,0,sunny,0.480043,1,seed42:snowy;train2025:snowy;train3407:sunny,seed42:0.795655;train2025:0.549177;train3407:0.480043,0.795655,0.608292,1,sunny->snowy,low_priority
datasets/6a39ed934d7b489daf5f80a4-momodel/train/cloudy/cloudy_00780.jpg,cloudy,2,3,2/3,cloudy,0.835586,1,sunny,0.450413,0,snowy,0.534375,0,seed42:cloudy;train2025:sunny;train3407:snowy,seed42:0.835586;train2025:0.450413;train3407:0.534375,0.835586,0.606791,0,cloudy->sunny;cloudy->snowy,boundary_case
datasets/6a39ed934d7b489daf5f80a4-momodel/train/cloudy/cloudy_00613.jpg,cloudy,2,3,2/3,sunny,0.668136,0,cloudy,0.427654,1,sunny,0.554383,0,seed42:sunny;train2025:cloudy;train3407:sunny,seed42:0.668136;train2025:0.427654;train3407:0.554383,0.668136,0.550058,1,cloudy->sunny,boundary_case
datasets/6a39ed934d7b489daf5f80a4-momodel/train/cloudy/cloudy_01896.jpg,cloudy,2,3,2/3,sunny,0.399369,0,cloudy,0.679846,1,sunny,0.537008,0,seed42:sunny;train2025:cloudy;train3407:sunny,seed42:0.399369;train2025:0.679846;train3407:0.537008,0.679846,0.538741,1,cloudy->sunny,boundary_case
datasets/6a39ed934d7b489daf5f80a4-momodel/train/sunny/sunny_00083.jpg,sunny,1,3,1/3,sunny,0.880114,1,sunny,0.967120,1,cloudy,0.766821,0,seed42:sunny;train2025:sunny;train3407:cloudy,seed42:0.880114;train2025:0.967120;train3407:0.766821,0.967120,0.871352,1,sunny->cloudy,random_sensitive
datasets/6a39ed934d7b489daf5f80a4-momodel/train/rainy/rainy_00280.jpg,rainy,1,3,1/3,rainy,0.936458,1,cloudy,0.660484,0,rainy,0.966041,1,seed42:rainy;train2025:cloudy;train3407:rainy,seed42:0.936458;train2025:0.660484;train3407:0.966041,0.966041,0.854327,1,rainy->cloudy,random_sensitive
datasets/6a39ed934d7b489daf5f80a4-momodel/train/snowy/snowy_00231.jpg,snowy,1,3,1/3,snowy,0.980973,1,snowy,0.953027,1,sunny,0.628510,0,seed42:snowy;train2025:snowy;train3407:sunny,seed42:0.980973;train2025:0.953027;train3407:0.628510,0.980973,0.854170,1,snowy->sunny,random_sensitive
datasets/6a39ed934d7b489daf5f80a4-momodel/train/cloudy/cloudy_00385.jpg,cloudy,1,3,1/3,cloudy,0.770189,1,cloudy,0.900443,1,snowy,0.829598,0,seed42:cloudy;train2025:cloudy;train3407:snowy,seed42:0.770189;train2025:0.900443;train3407:0.829598,0.900443,0.833410,1,cloudy->snowy,random_sensitive
datasets/6a39ed934d7b489daf5f80a4-momodel/train/sunny/sunny_00068.jpg,sunny,1,3,1/3,sunny,0.767142,1,sunny,0.874569,1,cloudy,0.845380,0,seed42:sunny;train2025:sunny;train3407:cloudy,seed42:0.767142;train2025:0.874569;train3407:0.845380,0.874569,0.829030,1,sunny->cloudy,random_sensitive
datasets/6a39ed934d7b489daf5f80a4-momodel/train/sunny/sunny_01337.jpg,sunny,1,3,1/3,sunny,0.903724,1,cloudy,0.633598,0,sunny,0.943254,1,seed42:sunny;train2025:cloudy;train3407:sunny,seed42:0.903724;train2025:0.633598;train3407:0.943254,0.943254,0.826859,1,sunny->cloudy,random_sensitive
datasets/6a39ed934d7b489daf5f80a4-momodel/train/snowy/snowy_00314.jpg,snowy,1,3,1/3,cloudy,0.538314,0,snowy,0.954937,1,snowy,0.946764,1,seed42:cloudy;train2025:snowy;train3407:snowy,seed42:0.538314;train2025:0.954937;train3407:0.946764,0.954937,0.813338,1,snowy->cloudy,random_sensitive
datasets/6a39ed934d7b489daf5f80a4-momodel/train/snowy/snowy_00374.jpg,snowy,1,3,1/3,snowy,0.890382,1,snowy,0.849070,1,sunny,0.695815,0,seed42:snowy;train2025:snowy;train3407:sunny,seed42:0.890382;train2025:0.849070;train3407:0.695815,0.890382,0.811756,1,snowy->sunny,random_sensitive
datasets/6a39ed934d7b489daf5f80a4-momodel/train/sunny/sunny_00089.jpg,sunny,1,3,1/3,cloudy,0.952235,0,sunny,0.809623,1,sunny,0.667522,1,seed42:cloudy;train2025:sunny;train3407:sunny,seed42:0.952235;train2025:0.809623;train3407:0.667522,0.952235,0.809793,1,sunny->cloudy,random_sensitive
datasets/6a39ed934d7b489daf5f80a4-momodel/train/rainy/rainy_00376.jpg,rainy,1,3,1/3,rainy,0.981705,1,snowy,0.896908,0,rainy,0.542955,1,seed42:rainy;train2025:snowy;train3407:rainy,seed42:0.981705;train2025:0.896908;train3407:0.542955,0.981705,0.807189,1,rainy->snowy,random_sensitive
datasets/6a39ed934d7b489daf5f80a4-momodel/train/cloudy/cloudy_00054.jpg,cloudy,1,3,1/3,cloudy,0.941235,1,sunny,0.544228,0,cloudy,0.873672,1,seed42:cloudy;train2025:sunny;train3407:cloudy,seed42:0.941235;train2025:0.544228;train3407:0.873672,0.941235,0.786379,1,cloudy->sunny,random_sensitive
datasets/6a39ed934d7b489daf5f80a4-momodel/train/sunny/sunny_01381.jpg,sunny,1,3,1/3,sunny,0.838383,1,cloudy,0.577812,0,sunny,0.926208,1,seed42:sunny;train2025:cloudy;train3407:sunny,seed42:0.838383;train2025:0.577812;train3407:0.926208,0.926208,0.780801,1,sunny->cloudy,random_sensitive
datasets/6a39ed934d7b489daf5f80a4-momodel/train/cloudy/cloudy_00065.jpg,cloudy,1,3,1/3,sunny,0.654385,0,cloudy,0.880396,1,cloudy,0.760776,1,seed42:sunny;train2025:cloudy;train3407:cloudy,seed42:0.654385;train2025:0.880396;train3407:0.760776,0.880396,0.765186,1,cloudy->sunny,random_sensitive
datasets/6a39ed934d7b489daf5f80a4-momodel/train/cloudy/cloudy_01535.jpg,cloudy,1,3,1/3,sunny,0.750977,0,cloudy,0.786080,1,cloudy,0.714167,1,seed42:sunny;train2025:cloudy;train3407:cloudy,seed42:0.750977;train2025:0.786080;train3407:0.714167,0.786080,0.750408,1,cloudy->sunny,random_sensitive
datasets/6a39ed934d7b489daf5f80a4-momodel/train/rainy/rainy_00406.jpg,rainy,1,3,1/3,rainy,0.953742,1,cloudy,0.676441,0,rainy,0.616776,1,seed42:rainy;train2025:cloudy;train3407:rainy,seed42:0.953742;train2025:0.676441;train3407:0.616776,0.953742,0.748986,1,rainy->cloudy,random_sensitive
datasets/6a39ed934d7b489daf5f80a4-momodel/train/cloudy/cloudy_01895.jpg,cloudy,1,3,1/3,cloudy,0.848631,1,snowy,0.530323,0,cloudy,0.853073,1,seed42:cloudy;train2025:snowy;train3407:cloudy,seed42:0.848631;train2025:0.530323;train3407:0.853073,0.853073,0.744009,1,cloudy->snowy,random_sensitive
datasets/6a39ed934d7b489daf5f80a4-momodel/train/cloudy/cloudy_01536.jpg,cloudy,1,3,1/3,cloudy,0.934537,1,cloudy,0.724726,1,rainy,0.562985,0,seed42:cloudy;train2025:cloudy;train3407:rainy,seed42:0.934537;train2025:0.724726;train3407:0.562985,0.934537,0.740749,1,cloudy->rainy,random_sensitive
datasets/6a39ed934d7b489daf5f80a4-momodel/train/sunny/sunny_00817.jpg,sunny,1,3,1/3,sunny,0.759978,1,rainy,0.847857,0,sunny,0.583358,1,seed42:sunny;train2025:rainy;train3407:sunny,seed42:0.759978;train2025:0.847857;train3407:0.583358,0.847857,0.730398,1,sunny->rainy,random_sensitive
datasets/6a39ed934d7b489daf5f80a4-momodel/train/rainy/rainy_00288.jpg,rainy,1,3,1/3,cloudy,0.820512,0,rainy,0.566854,1,rainy,0.800310,1,seed42:cloudy;train2025:rainy;train3407:rainy,seed42:0.820512;train2025:0.566854;train3407:0.800310,0.820512,0.729225,1,rainy->cloudy,random_sensitive
datasets/6a39ed934d7b489daf5f80a4-momodel/train/rainy/rainy_00026.jpg,rainy,1,3,1/3,cloudy,0.494125,0,rainy,0.712421,1,rainy,0.909245,1,seed42:cloudy;train2025:rainy;train3407:rainy,seed42:0.494125;train2025:0.712421;train3407:0.909245,0.909245,0.705264,1,rainy->cloudy,random_sensitive
datasets/6a39ed934d7b489daf5f80a4-momodel/train/sunny/sunny_00210.jpg,sunny,1,3,1/3,sunny,0.507230,1,sunny,0.837208,1,cloudy,0.750977,0,seed42:sunny;train2025:sunny;train3407:cloudy,seed42:0.507230;train2025:0.837208;train3407:0.750977,0.837208,0.698471,1,sunny->cloudy,random_sensitive
datasets/6a39ed934d7b489daf5f80a4-momodel/train/cloudy/cloudy_01144.jpg,cloudy,1,3,1/3,cloudy,0.771651,1,sunny,0.526627,0,cloudy,0.728693,1,seed42:cloudy;train2025:sunny;train3407:cloudy,seed42:0.771651;train2025:0.526627;train3407:0.728693,0.771651,0.675657,1,cloudy->sunny,random_sensitive
datasets/6a39ed934d7b489daf5f80a4-momodel/train/rainy/rainy_00310.jpg,rainy,1,3,1/3,rainy,0.800186,1,sunny,0.649498,0,rainy,0.534551,1,seed42:rainy;train2025:sunny;train3407:rainy,seed42:0.800186;train2025:0.649498;train3407:0.534551,0.800186,0.661412,1,rainy->sunny,random_sensitive
datasets/6a39ed934d7b489daf5f80a4-momodel/train/sunny/sunny_00222.jpg,sunny,1,3,1/3,sunny,0.687089,1,sunny,0.547960,1,cloudy,0.742681,0,seed42:sunny;train2025:sunny;train3407:cloudy,seed42:0.687089;train2025:0.547960;train3407:0.742681,0.742681,0.659244,1,sunny->cloudy,random_sensitive
datasets/6a39ed934d7b489daf5f80a4-momodel/train/cloudy/cloudy_01803.jpg,cloudy,1,3,1/3,rainy,0.888254,0,cloudy,0.579066,1,cloudy,0.504752,1,seed42:rainy;train2025:cloudy;train3407:cloudy,seed42:0.888254;train2025:0.579066;train3407:0.504752,0.888254,0.657357,1,cloudy->rainy,random_sensitive
datasets/6a39ed934d7b489daf5f80a4-momodel/train/snowy/snowy_00364.jpg,snowy,1,3,1/3,snowy,0.627309,1,snowy,0.667546,1,cloudy,0.632969,0,seed42:snowy;train2025:snowy;train3407:cloudy,seed42:0.627309;train2025:0.667546;train3407:0.632969,0.667546,0.642608,1,snowy->cloudy,random_sensitive
datasets/6a39ed934d7b489daf5f80a4-momodel/train/rainy/rainy_00047.jpg,rainy,1,3,1/3,cloudy,0.673375,0,rainy,0.607012,1,rainy,0.602771,1,seed42:cloudy;train2025:rainy;train3407:rainy,seed42:0.673375;train2025:0.607012;train3407:0.602771,0.673375,0.627719,1,rainy->cloudy,random_sensitive
datasets/6a39ed934d7b489daf5f80a4-momodel/train/cloudy/cloudy_00392.jpg,cloudy,1,3,1/3,cloudy,0.530998,1,sunny,0.634635,0,cloudy,0.709961,1,seed42:cloudy;train2025:sunny;train3407:cloudy,seed42:0.530998;train2025:0.634635;train3407:0.709961,0.709961,0.625198,1,cloudy->sunny,random_sensitive
datasets/6a39ed934d7b489daf5f80a4-momodel/train/cloudy/cloudy_00162.jpg,cloudy,1,3,1/3,cloudy,0.624841,1,cloudy,0.645539,1,snowy,0.572752,0,seed42:cloudy;train2025:cloudy;train3407:snowy,seed42:0.624841;train2025:0.645539;train3407:0.572752,0.645539,0.614377,1,cloudy->snowy,random_sensitive
datasets/6a39ed934d7b489daf5f80a4-momodel/train/rainy/rainy_00420.jpg,rainy,1,3,1/3,rainy,0.413896,1,cloudy,0.432363,0,rainy,0.975146,1,seed42:rainy;train2025:cloudy;train3407:rainy,seed42:0.413896;train2025:0.432363;train3407:0.975146,0.975146,0.607135,1,rainy->cloudy,random_sensitive
datasets/6a39ed934d7b489daf5f80a4-momodel/train/sunny/sunny_00943.jpg,sunny,1,3,1/3,sunny,0.777790,1,sunny,0.455058,1,rainy,0.581561,0,seed42:sunny;train2025:sunny;train3407:rainy,seed42:0.777790;train2025:0.455058;train3407:0.581561,0.777790,0.604803,1,sunny->rainy,random_sensitive
datasets/6a39ed934d7b489daf5f80a4-momodel/train/cloudy/cloudy_00442.jpg,cloudy,1,3,1/3,cloudy,0.628678,1,cloudy,0.535954,1,rainy,0.647165,0,seed42:cloudy;train2025:cloudy;train3407:rainy,seed42:0.628678;train2025:0.535954;train3407:0.647165,0.647165,0.603932,1,cloudy->rainy,random_sensitive
datasets/6a39ed934d7b489daf5f80a4-momodel/train/sunny/sunny_01108.jpg,sunny,1,3,1/3,sunny,0.523969,1,cloudy,0.626695,0,sunny,0.552334,1,seed42:sunny;train2025:cloudy;train3407:sunny,seed42:0.523969;train2025:0.626695;train3407:0.552334,0.626695,0.567666,1,sunny->cloudy,random_sensitive
datasets/6a39ed934d7b489daf5f80a4-momodel/train/cloudy/cloudy_00401.jpg,cloudy,1,3,1/3,sunny,0.472357,0,cloudy,0.505359,1,cloudy,0.690413,1,seed42:sunny;train2025:cloudy;train3407:cloudy,seed42:0.472357;train2025:0.505359;train3407:0.690413,0.690413,0.556043,1,cloudy->sunny,random_sensitive
datasets/6a39ed934d7b489daf5f80a4-momodel/train/cloudy/cloudy_00302.jpg,cloudy,1,3,1/3,cloudy,0.498337,1,snowy,0.549019,0,cloudy,0.525198,1,seed42:cloudy;train2025:snowy;train3407:cloudy,seed42:0.498337;train2025:0.549019;train3407:0.525198,0.549019,0.524184,1,cloudy->snowy,random_sensitive
