group_type,group_id,group_size,train_count,val_count,split_leak,cross_label,val_error_count,labels,val_paths,train_paths
exact_dhash,00000181c0870588,2,0,2,0,0,0,sunny:2,datasets/6a39ed934d7b489daf5f80a4-momodel/train/sunny/sunny_01236.jpg; datasets/6a39ed934d7b489daf5f80a4-momodel/train/sunny/sunny_01946.jpg,
exact_dhash,0000071975c78c63,2,2,0,0,0,0,cloudy:2,,datasets/6a39ed934d7b489daf5f80a4-momodel/train/cloudy/cloudy_00624.jpg; datasets/6a39ed934d7b489daf5f80a4-momodel/train/cloudy/cloudy_01789.jpg
exact_dhash,00003038b8fcfc7c,4,0,4,0,0,0,rainy:4,datasets/6a39ed934d7b489daf5f80a4-momodel/train/rainy/rainy_00375.jpg; datasets/6a39ed934d7b489daf5f80a4-momodel/train/rainy/rainy_00421.jpg; datasets/6a39ed934d7b489daf5f80a4-momodel/train/rainy/rainy_00430.jpg; datasets/6a39ed934d7b489daf5f80a4-momodel/train/rainy/rainy_00435.jpg,
exact_dhash,01c1813a2ee50a72,2,0,2,0,0,0,cloudy:2,datasets/6a39ed934d7b489daf5f80a4-momodel/train/cloudy/cloudy_00456.jpg; datasets/6a39ed934d7b489daf5f80a4-momodel/train/cloudy/cloudy_01694.jpg,
exact_dhash,04040c2707030670,2,2,0,0,0,0,cloudy:2,,datasets/6a39ed934d7b489daf5f80a4-momodel/train/cloudy/cloudy_00641.jpg; datasets/6a39ed934d7b489daf5f80a4-momodel/train/cloudy/cloudy_00742.jpg
exact_dhash,06040c0868484020,2,2,0,0,0,0,sunny:2,,datasets/6a39ed934d7b489daf5f80a4-momodel/train/sunny/sunny_01487.jpg; datasets/6a39ed934d7b489daf5f80a4-momodel/train/sunny/sunny_01960.jpg
exact_dhash,0989adaf86f0f1f4,2,2,0,0,0,0,sunny:2,,datasets/6a39ed934d7b489daf5f80a4-momodel/train/sunny/sunny_00831.jpg; datasets/6a39ed934d7b489daf5f80a4-momodel/train/sunny/sunny_01835.jpg
exact_dhash,09a8c8d0d4549098,2,2,0,0,0,0,cloudy:2,,datasets/6a39ed934d7b489daf5f80a4-momodel/train/cloudy/cloudy_00559.jpg; datasets/6a39ed934d7b489daf5f80a4-momodel/train/cloudy/cloudy_00605.jpg
exact_dhash,0c0c096527593293,2,2,0,0,0,0,cloudy:2,,datasets/6a39ed934d7b489daf5f80a4-momodel/train/cloudy/cloudy_01324.jpg; datasets/6a39ed934d7b489daf5f80a4-momodel/train/cloudy/cloudy_02181.jpg
exact_dhash,0c1c08888490f19b,2,2,0,0,0,0,cloudy:2,,datasets/6a39ed934d7b489daf5f80a4-momodel/train/cloudy/cloudy_01569.jpg; datasets/6a39ed934d7b489daf5f80a4-momodel/train/cloudy/cloudy_02069.jpg
exact_dhash,0c2464f2b2732401,2,2,0,0,0,0,cloudy:2,,datasets/6a39ed934d7b489daf5f80a4-momodel/train/cloudy/cloudy_00989.jpg; datasets/6a39ed934d7b489daf5f80a4-momodel/train/cloudy/cloudy_01596.jpg
exact_dhash,0f17c3e3ec7c92dc,5,5,0,0,0,0,cloudy:5,,datasets/6a39ed934d7b489daf5f80a4-momodel/train/cloudy/cloudy_00581.jpg; datasets/6a39ed934d7b489daf5f80a4-momodel/train/cloudy/cloudy_01084.jpg; datasets/6a39ed934d7b489daf5f80a4-momodel/train/cloudy/cloudy_02059.jpg; datasets/6a39ed934d7b489daf5f80a4-momodel/train/cloudy/cloudy_02078.jpg; datasets/6a39ed934d7b489daf5f80a4-momodel/train/cloudy/cloudy_02162.jpg
exact_dhash,1000008080800000,6,6,0,0,0,0,sunny:6,,datasets/6a39ed934d7b489daf5f80a4-momodel/train/sunny/sunny_00968.jpg; datasets/6a39ed934d7b489daf5f80a4-momodel/train/sunny/sunny_01713.jpg; datasets/6a39ed934d7b489daf5f80a4-momodel/train/sunny/sunny_01805.jpg; datasets/6a39ed934d7b489daf5f80a4-momodel/train/sunny/sunny_01872.jpg; datasets/6a39ed934d7b489daf5f80a4-momodel/train/sunny/sunny_01902.jpg; datasets/6a39ed934d7b489daf5f80a4-momodel/train/sunny/sunny_01907.jpg
exact_dhash,100888503cf8c0c0,2,0,2,0,0,0,cloudy:2,datasets/6a39ed934d7b489daf5f80a4-momodel/train/cloudy/cloudy_01179.jpg; datasets/6a39ed934d7b489daf5f80a4-momodel/train/cloudy/cloudy_01217.jpg,
exact_dhash,113333d4d4e0d040,2,2,0,0,0,0,sunny:2,,datasets/6a39ed934d7b489daf5f80a4-momodel/train/sunny/sunny_00619.jpg; datasets/6a39ed934d7b489daf5f80a4-momodel/train/sunny/sunny_01897.jpg
exact_dhash,133333d45460f0c0,2,2,0,0,0,0,sunny:2,,datasets/6a39ed934d7b489daf5f80a4-momodel/train/sunny/sunny_00669.jpg; datasets/6a39ed934d7b489daf5f80a4-momodel/train/sunny/sunny_01826.jpg
exact_dhash,139392dcecb80ee4,2,2,0,0,0,0,sunny:2,,datasets/6a39ed934d7b489daf5f80a4-momodel/train/sunny/sunny_01321.jpg; datasets/6a39ed934d7b489daf5f80a4-momodel/train/sunny/sunny_01810.jpg
exact_dhash,17a3e2f2c17c7b7c,2,0,2,0,0,0,sunny:2,datasets/6a39ed934d7b489daf5f80a4-momodel/train/sunny/sunny_01022.jpg; datasets/6a39ed934d7b489daf5f80a4-momodel/train/sunny/sunny_01878.jpg,
exact_dhash,1b3cca8e2d11c761,3,3,0,0,0,0,rainy:3,,datasets/6a39ed934d7b489daf5f80a4-momodel/train/rainy/rainy_00300.jpg; datasets/6a39ed934d7b489daf5f80a4-momodel/train/rainy/rainy_00429.jpg; datasets/6a39ed934d7b489daf5f80a4-momodel/train/rainy/rainy_00442.jpg
exact_dhash,1c0c0e0608032ae5,2,2,0,0,0,0,sunny:2,,datasets/6a39ed934d7b489daf5f80a4-momodel/train/sunny/sunny_01755.jpg; datasets/6a39ed934d7b489daf5f80a4-momodel/train/sunny/sunny_01925.jpg
exact_dhash,20c1c796f4b87079,2,2,0,0,0,0,cloudy:2,,datasets/6a39ed934d7b489daf5f80a4-momodel/train/cloudy/cloudy_00616.jpg; datasets/6a39ed934d7b489daf5f80a4-momodel/train/cloudy/cloudy_02053.jpg
exact_dhash,23f25e9880f1a32f,3,3,0,0,0,0,cloudy:3,,datasets/6a39ed934d7b489daf5f80a4-momodel/train/cloudy/cloudy_00993.jpg; datasets/6a39ed934d7b489daf5f80a4-momodel/train/cloudy/cloudy_01349.jpg; datasets/6a39ed934d7b489daf5f80a4-momodel/train/cloudy/cloudy_02183.jpg
exact_dhash,29e16b4ecc7120c0,2,2,0,0,0,0,cloudy:2,,datasets/6a39ed934d7b489daf5f80a4-momodel/train/cloudy/cloudy_00497.jpg; datasets/6a39ed934d7b489daf5f80a4-momodel/train/cloudy/cloudy_00945.jpg
exact_dhash,2c2b3632868ebce5,2,2,0,0,0,0,cloudy:2,,datasets/6a39ed934d7b489daf5f80a4-momodel/train/cloudy/cloudy_00803.jpg; datasets/6a39ed934d7b489daf5f80a4-momodel/train/cloudy/cloudy_01198.jpg
exact_dhash,2c9c9ccd8ebc1ee9,2,2,0,0,0,0,sunny:2,,datasets/6a39ed934d7b489daf5f80a4-momodel/train/sunny/sunny_01080.jpg; datasets/6a39ed934d7b489daf5f80a4-momodel/train/sunny/sunny_01893.jpg
exact_dhash,2e080850040002c1,2,0,2,0,0,0,cloudy:2,datasets/6a39ed934d7b489daf5f80a4-momodel/train/cloudy/cloudy_01564.jpg; datasets/6a39ed934d7b489daf5f80a4-momodel/train/cloudy/cloudy_02087.jpg,
exact_dhash,2e180c62684130ec,2,0,2,0,0,0,cloudy:2,datasets/6a39ed934d7b489daf5f80a4-momodel/train/cloudy/cloudy_01036.jpg; datasets/6a39ed934d7b489daf5f80a4-momodel/train/cloudy/cloudy_02142.jpg,
exact_dhash,30303016acdcede1,2,2,0,0,0,0,cloudy:2,,datasets/6a39ed934d7b489daf5f80a4-momodel/train/cloudy/cloudy_00551.jpg; datasets/6a39ed934d7b489daf5f80a4-momodel/train/cloudy/cloudy_02041.jpg
exact_dhash,3034858183c4f16e,2,2,0,0,0,0,cloudy:2,,datasets/6a39ed934d7b489daf5f80a4-momodel/train/cloudy/cloudy_01671.jpg; datasets/6a39ed934d7b489daf5f80a4-momodel/train/cloudy/cloudy_02009.jpg
exact_dhash,32b2c29048a8e0a8,3,3,0,0,0,0,cloudy:3,,datasets/6a39ed934d7b489daf5f80a4-momodel/train/cloudy/cloudy_01268.jpg; datasets/6a39ed934d7b489daf5f80a4-momodel/train/cloudy/cloudy_01981.jpg; datasets/6a39ed934d7b489daf5f80a4-momodel/train/cloudy/cloudy_02107.jpg
exact_dhash,33b2d471f0298e8c,2,2,0,0,0,0,sunny:2,,datasets/6a39ed934d7b489daf5f80a4-momodel/train/sunny/sunny_00932.jpg; datasets/6a39ed934d7b489daf5f80a4-momodel/train/sunny/sunny_01948.jpg
exact_dhash,381898b8ce64656e,2,2,0,0,0,0,sunny:2,,datasets/6a39ed934d7b489daf5f80a4-momodel/train/sunny/sunny_00541.jpg; datasets/6a39ed934d7b489daf5f80a4-momodel/train/sunny/sunny_01952.jpg
exact_dhash,3e38acdc9e8af374,2,2,0,0,0,0,cloudy:2,,datasets/6a39ed934d7b489daf5f80a4-momodel/train/cloudy/cloudy_00650.jpg; datasets/6a39ed934d7b489daf5f80a4-momodel/train/cloudy/cloudy_02160.jpg
exact_dhash,400786312dc16984,2,2,0,0,0,0,cloudy:2,,datasets/6a39ed934d7b489daf5f80a4-momodel/train/cloudy/cloudy_01957.jpg; datasets/6a39ed934d7b489daf5f80a4-momodel/train/cloudy/cloudy_02179.jpg
exact_dhash,404040687a667ce0,2,0,2,0,0,0,cloudy:2,datasets/6a39ed934d7b489daf5f80a4-momodel/train/cloudy/cloudy_00578.jpg; datasets/6a39ed934d7b489daf5f80a4-momodel/train/cloudy/cloudy_01315.jpg,
exact_dhash,40878f8df44cc282,2,0,2,0,0,0,cloudy:2,datasets/6a39ed934d7b489daf5f80a4-momodel/train/cloudy/cloudy_00501.jpg; datasets/6a39ed934d7b489daf5f80a4-momodel/train/cloudy/cloudy_01282.jpg,
exact_dhash,442cb8383962d078,2,2,0,0,0,0,cloudy:2,,datasets/6a39ed934d7b489daf5f80a4-momodel/train/cloudy/cloudy_02060.jpg; datasets/6a39ed934d7b489daf5f80a4-momodel/train/cloudy/cloudy_02158.jpg
exact_dhash,4828ccccc4e0a4cc,3,3,0,0,0,0,sunny:3,,datasets/6a39ed934d7b489daf5f80a4-momodel/train/sunny/sunny_01144.jpg; datasets/6a39ed934d7b489daf5f80a4-momodel/train/sunny/sunny_01855.jpg; datasets/6a39ed934d7b489daf5f80a4-momodel/train/sunny/sunny_01899.jpg
exact_dhash,50233b0b1f9699e1,2,2,0,0,0,0,cloudy:2,,datasets/6a39ed934d7b489daf5f80a4-momodel/train/cloudy/cloudy_00588.jpg; datasets/6a39ed934d7b489daf5f80a4-momodel/train/cloudy/cloudy_01022.jpg
exact_dhash,56d0c4e4f0d3e676,2,2,0,0,0,0,cloudy:2,,datasets/6a39ed934d7b489daf5f80a4-momodel/train/cloudy/cloudy_00488.jpg; datasets/6a39ed934d7b489daf5f80a4-momodel/train/cloudy/cloudy_01782.jpg
exact_dhash,5c3bf0d8cc1c9877,2,2,0,0,0,0,cloudy:2,,datasets/6a39ed934d7b489daf5f80a4-momodel/train/cloudy/cloudy_01152.jpg; datasets/6a39ed934d7b489daf5f80a4-momodel/train/cloudy/cloudy_02043.jpg
exact_dhash,5c5860c68478d0c6,3,0,3,0,0,0,cloudy:3,datasets/6a39ed934d7b489daf5f80a4-momodel/train/cloudy/cloudy_00682.jpg; datasets/6a39ed934d7b489daf5f80a4-momodel/train/cloudy/cloudy_01498.jpg; datasets/6a39ed934d7b489daf5f80a4-momodel/train/cloudy/cloudy_02039.jpg,
exact_dhash,5f1f8f7cfc82fcc9,2,2,0,0,0,0,sunny:2,,datasets/6a39ed934d7b489daf5f80a4-momodel/train/sunny/sunny_01291.jpg; datasets/6a39ed934d7b489daf5f80a4-momodel/train/sunny/sunny_01901.jpg
exact_dhash,6152da95a5b8fcf8,2,2,0,0,0,0,cloudy:2,,datasets/6a39ed934d7b489daf5f80a4-momodel/train/cloudy/cloudy_00611.jpg; datasets/6a39ed934d7b489daf5f80a4-momodel/train/cloudy/cloudy_02117.jpg
exact_dhash,61d828eacce9efaf,2,2,0,0,0,0,cloudy:2,,datasets/6a39ed934d7b489daf5f80a4-momodel/train/cloudy/cloudy_01409.jpg; datasets/6a39ed934d7b489daf5f80a4-momodel/train/cloudy/cloudy_02064.jpg
exact_dhash,61e36b4ecc502010,2,2,0,0,0,0,cloudy:2,,datasets/6a39ed934d7b489daf5f80a4-momodel/train/cloudy/cloudy_01473.jpg; datasets/6a39ed934d7b489daf5f80a4-momodel/train/cloudy/cloudy_02081.jpg
exact_dhash,64dac68d0d273692,2,2,0,0,0,0,cloudy:2,,datasets/6a39ed934d7b489daf5f80a4-momodel/train/cloudy/cloudy_01379.jpg; datasets/6a39ed934d7b489daf5f80a4-momodel/train/cloudy/cloudy_02154.jpg
exact_dhash,66cc8e8c1c3c9910,2,2,0,0,0,0,cloudy:2,,datasets/6a39ed934d7b489daf5f80a4-momodel/train/cloudy/cloudy_02054.jpg; datasets/6a39ed934d7b489daf5f80a4-momodel/train/cloudy/cloudy_02105.jpg
exact_dhash,67eed878e8e060c0,2,2,0,0,0,0,cloudy:2,,datasets/6a39ed934d7b489daf5f80a4-momodel/train/cloudy/cloudy_00777.jpg; datasets/6a39ed934d7b489daf5f80a4-momodel/train/cloudy/cloudy_02098.jpg
exact_dhash,7060f07060646070,2,2,0,0,0,0,sunny:2,,datasets/6a39ed934d7b489daf5f80a4-momodel/train/sunny/sunny_01718.jpg; datasets/6a39ed934d7b489daf5f80a4-momodel/train/sunny/sunny_01889.jpg
exact_dhash,70c868e8e0e0e072,2,2,0,0,0,0,sunny:2,,datasets/6a39ed934d7b489daf5f80a4-momodel/train/sunny/sunny_00353.jpg; datasets/6a39ed934d7b489daf5f80a4-momodel/train/sunny/sunny_01910.jpg
exact_dhash,70f0f1c9f0a01263,2,2,0,0,0,0,sunny:2,,datasets/6a39ed934d7b489daf5f80a4-momodel/train/sunny/sunny_01769.jpg; datasets/6a39ed934d7b489daf5f80a4-momodel/train/sunny/sunny_01820.jpg
exact_dhash,729ab0b4b2b2e8b0,2,2,0,0,0,0,cloudy:2,,datasets/6a39ed934d7b489daf5f80a4-momodel/train/cloudy/cloudy_00932.jpg; datasets/6a39ed934d7b489daf5f80a4-momodel/train/cloudy/cloudy_02036.jpg
exact_dhash,747038f0d450e0a0,2,0,2,0,0,0,cloudy:2,datasets/6a39ed934d7b489daf5f80a4-momodel/train/cloudy/cloudy_01436.jpg; datasets/6a39ed934d7b489daf5f80a4-momodel/train/cloudy/cloudy_02013.jpg,
exact_dhash,79caa63a1ae39cdd,2,2,0,0,0,0,sunny:2,,datasets/6a39ed934d7b489daf5f80a4-momodel/train/sunny/sunny_00570.jpg; datasets/6a39ed934d7b489daf5f80a4-momodel/train/sunny/sunny_01829.jpg
exact_dhash,7a3c5c74d6d6dada,2,2,0,0,0,0,sunny:2,,datasets/6a39ed934d7b489daf5f80a4-momodel/train/sunny/sunny_00905.jpg; datasets/6a39ed934d7b489daf5f80a4-momodel/train/sunny/sunny_01917.jpg
exact_dhash,7d7e7e7a3696d8c0,2,2,0,0,0,0,sunny:2,,datasets/6a39ed934d7b489daf5f80a4-momodel/train/sunny/sunny_00367.jpg; datasets/6a39ed934d7b489daf5f80a4-momodel/train/sunny/sunny_01886.jpg
exact_dhash,80609dc89e6ba8a4,2,2,0,0,0,0,cloudy:2,,datasets/6a39ed934d7b489daf5f80a4-momodel/train/cloudy/cloudy_01205.jpg; datasets/6a39ed934d7b489daf5f80a4-momodel/train/cloudy/cloudy_02153.jpg
exact_dhash,8080808000839484,2,0,2,0,0,0,sunny:2,datasets/6a39ed934d7b489daf5f80a4-momodel/train/sunny/sunny_01233.jpg; datasets/6a39ed934d7b489daf5f80a4-momodel/train/sunny/sunny_01841.jpg,
exact_dhash,808080c2c2c9c1ac,2,0,2,0,0,0,sunny:2,datasets/6a39ed934d7b489daf5f80a4-momodel/train/sunny/sunny_00685.jpg; datasets/6a39ed934d7b489daf5f80a4-momodel/train/sunny/sunny_01832.jpg,
exact_dhash,8080f0f878058707,2,2,0,0,0,0,cloudy:2,,datasets/6a39ed934d7b489daf5f80a4-momodel/train/cloudy/cloudy_01975.jpg; datasets/6a39ed934d7b489daf5f80a4-momodel/train/cloudy/cloudy_02136.jpg
exact_dhash,80c0808e07869361,2,2,0,0,0,0,sunny:2,,datasets/6a39ed934d7b489daf5f80a4-momodel/train/sunny/sunny_01148.jpg; datasets/6a39ed934d7b489daf5f80a4-momodel/train/sunny/sunny_01860.jpg
exact_dhash,80c0c0c0c4c0e9c1,2,2,0,0,0,0,sunny:2,,datasets/6a39ed934d7b489daf5f80a4-momodel/train/sunny/sunny_00850.jpg; datasets/6a39ed934d7b489daf5f80a4-momodel/train/sunny/sunny_01799.jpg
exact_dhash,80c0f0e0e0e0e2e0,2,2,0,0,0,0,sunny:2,,datasets/6a39ed934d7b489daf5f80a4-momodel/train/sunny/sunny_00519.jpg; datasets/6a39ed934d7b489daf5f80a4-momodel/train/sunny/sunny_01803.jpg
exact_dhash,80e8f0f8d858f4f4,2,0,2,0,0,0,cloudy:2,datasets/6a39ed934d7b489daf5f80a4-momodel/train/cloudy/cloudy_00567.jpg; datasets/6a39ed934d7b489daf5f80a4-momodel/train/cloudy/cloudy_00686.jpg,
exact_dhash,8488d0c004800484,2,2,0,0,0,0,sunny:2,,datasets/6a39ed934d7b489daf5f80a4-momodel/train/sunny/sunny_01833.jpg; datasets/6a39ed934d7b489daf5f80a4-momodel/train/sunny/sunny_01951.jpg
exact_dhash,84c4cce4e0e0e081,2,2,0,0,0,0,cloudy:2,,datasets/6a39ed934d7b489daf5f80a4-momodel/train/cloudy/cloudy_02062.jpg; datasets/6a39ed934d7b489daf5f80a4-momodel/train/cloudy/cloudy_02165.jpg
exact_dhash,8584808208b0a387,3,3,0,0,0,0,sunny:3,,datasets/6a39ed934d7b489daf5f80a4-momodel/train/sunny/sunny_00571.jpg; datasets/6a39ed934d7b489daf5f80a4-momodel/train/sunny/sunny_00986.jpg; datasets/6a39ed934d7b489daf5f80a4-momodel/train/sunny/sunny_01942.jpg
exact_dhash,87a535322638d0c4,2,2,0,0,0,0,cloudy:2,,datasets/6a39ed934d7b489daf5f80a4-momodel/train/cloudy/cloudy_00768.jpg; datasets/6a39ed934d7b489daf5f80a4-momodel/train/cloudy/cloudy_02073.jpg
exact_dhash,87c687e5e7f16832,2,0,2,0,0,0,cloudy:2,datasets/6a39ed934d7b489daf5f80a4-momodel/train/cloudy/cloudy_01098.jpg; datasets/6a39ed934d7b489daf5f80a4-momodel/train/cloudy/cloudy_02052.jpg,
exact_dhash,8c818022020000c0,2,0,2,0,0,0,sunny:2,datasets/6a39ed934d7b489daf5f80a4-momodel/train/sunny/sunny_00301.jpg; datasets/6a39ed934d7b489daf5f80a4-momodel/train/sunny/sunny_01956.jpg,
exact_dhash,8c8d0b2cd4d0b2e2,2,2,0,0,0,0,cloudy:2,,datasets/6a39ed934d7b489daf5f80a4-momodel/train/cloudy/cloudy_01184.jpg; datasets/6a39ed934d7b489daf5f80a4-momodel/train/cloudy/cloudy_01959.jpg
exact_dhash,8ea8b4f2a24218dc,2,2,0,0,0,0,sunny:2,,datasets/6a39ed934d7b489daf5f80a4-momodel/train/sunny/sunny_00789.jpg; datasets/6a39ed934d7b489daf5f80a4-momodel/train/sunny/sunny_01924.jpg
exact_dhash,9138f8f1f4fefcf0,3,3,0,0,0,0,cloudy:3,,datasets/6a39ed934d7b489daf5f80a4-momodel/train/cloudy/cloudy_01405.jpg; datasets/6a39ed934d7b489daf5f80a4-momodel/train/cloudy/cloudy_01987.jpg; datasets/6a39ed934d7b489daf5f80a4-momodel/train/cloudy/cloudy_02163.jpg
exact_dhash,9830a1020f0e060e,2,2,0,0,0,0,cloudy:2,,datasets/6a39ed934d7b489daf5f80a4-momodel/train/cloudy/cloudy_01301.jpg; datasets/6a39ed934d7b489daf5f80a4-momodel/train/cloudy/cloudy_02003.jpg
exact_dhash,9979bcd8794858dc,2,2,0,0,0,0,cloudy:2,,datasets/6a39ed934d7b489daf5f80a4-momodel/train/cloudy/cloudy_00474.jpg; datasets/6a39ed934d7b489daf5f80a4-momodel/train/cloudy/cloudy_02132.jpg
exact_dhash,9c5cf1d8d8e4d3d3,3,3,0,0,0,0,cloudy:3,,datasets/6a39ed934d7b489daf5f80a4-momodel/train/cloudy/cloudy_00964.jpg; datasets/6a39ed934d7b489daf5f80a4-momodel/train/cloudy/cloudy_02063.jpg; datasets/6a39ed934d7b489daf5f80a4-momodel/train/cloudy/cloudy_02070.jpg
exact_dhash,9cfcac74bfd8ce97,2,2,0,0,0,0,sunny:2,,datasets/6a39ed934d7b489daf5f80a4-momodel/train/sunny/sunny_01374.jpg; datasets/6a39ed934d7b489daf5f80a4-momodel/train/sunny/sunny_01843.jpg
exact_dhash,9fe7cc8c80cd61f0,2,2,0,0,0,0,cloudy:2,,datasets/6a39ed934d7b489daf5f80a4-momodel/train/cloudy/cloudy_01309.jpg; datasets/6a39ed934d7b489daf5f80a4-momodel/train/cloudy/cloudy_02045.jpg
exact_dhash,a05898b0e2ce5e14,2,2,0,0,0,0,sunny:2,,datasets/6a39ed934d7b489daf5f80a4-momodel/train/sunny/sunny_01593.jpg; datasets/6a39ed934d7b489daf5f80a4-momodel/train/sunny/sunny_01838.jpg
exact_dhash,a1e1e04c0ce2c2e0,2,2,0,0,0,0,cloudy:2,,datasets/6a39ed934d7b489daf5f80a4-momodel/train/cloudy/cloudy_01145.jpg; datasets/6a39ed934d7b489daf5f80a4-momodel/train/cloudy/cloudy_01970.jpg
exact_dhash,a296c1f0f0e0e0f0,2,2,0,0,0,0,cloudy:2,,datasets/6a39ed934d7b489daf5f80a4-momodel/train/cloudy/cloudy_01363.jpg; datasets/6a39ed934d7b489daf5f80a4-momodel/train/cloudy/cloudy_02004.jpg
exact_dhash,b0e3e7f4e4fff8f0,2,0,2,0,0,0,sunny:2,datasets/6a39ed934d7b489daf5f80a4-momodel/train/sunny/sunny_01712.jpg; datasets/6a39ed934d7b489daf5f80a4-momodel/train/sunny/sunny_01818.jpg,
exact_dhash,b6bffcec6ce8682b,2,2,0,0,0,0,cloudy:2,,datasets/6a39ed934d7b489daf5f80a4-momodel/train/cloudy/cloudy_01193.jpg; datasets/6a39ed934d7b489daf5f80a4-momodel/train/cloudy/cloudy_01332.jpg
exact_dhash,b9b1cace8eacaaa8,2,2,0,0,0,0,cloudy:2,,datasets/6a39ed934d7b489daf5f80a4-momodel/train/cloudy/cloudy_01211.jpg; datasets/6a39ed934d7b489daf5f80a4-momodel/train/cloudy/cloudy_01990.jpg
exact_dhash,bcde8ecae4d890d2,2,2,0,0,0,0,sunny:2,,datasets/6a39ed934d7b489daf5f80a4-momodel/train/sunny/sunny_00785.jpg; datasets/6a39ed934d7b489daf5f80a4-momodel/train/sunny/sunny_01911.jpg
exact_dhash,bcfcf144c5cd9905,2,2,0,0,0,0,cloudy:2,,datasets/6a39ed934d7b489daf5f80a4-momodel/train/cloudy/cloudy_01808.jpg; datasets/6a39ed934d7b489daf5f80a4-momodel/train/cloudy/cloudy_02068.jpg
exact_dhash,c0c040c0e0e0e0d4,2,2,0,0,0,0,sunny:2,,datasets/6a39ed934d7b489daf5f80a4-momodel/train/sunny/sunny_00599.jpg; datasets/6a39ed934d7b489daf5f80a4-momodel/train/sunny/sunny_01957.jpg
exact_dhash,c0c0c0c00000048a,2,2,0,0,0,0,sunny:2,,datasets/6a39ed934d7b489daf5f80a4-momodel/train/sunny/sunny_01768.jpg; datasets/6a39ed934d7b489daf5f80a4-momodel/train/sunny/sunny_01903.jpg
exact_dhash,c0c0c0c0c0d0ac2e,2,2,0,0,0,0,sunny:2,,datasets/6a39ed934d7b489daf5f80a4-momodel/train/sunny/sunny_00408.jpg; datasets/6a39ed934d7b489daf5f80a4-momodel/train/sunny/sunny_01941.jpg
exact_dhash,c0c0e0b1edf15c7e,2,2,0,0,0,0,sunny:2,,datasets/6a39ed934d7b489daf5f80a4-momodel/train/sunny/sunny_00898.jpg; datasets/6a39ed934d7b489daf5f80a4-momodel/train/sunny/sunny_01959.jpg
exact_dhash,c0c1c5c1c0cc6068,2,2,0,0,0,0,sunny:2,,datasets/6a39ed934d7b489daf5f80a4-momodel/train/sunny/sunny_00260.jpg; datasets/6a39ed934d7b489daf5f80a4-momodel/train/sunny/sunny_01933.jpg
exact_dhash,c0c880c082b0f0fe,2,2,0,0,0,0,sunny:2,,datasets/6a39ed934d7b489daf5f80a4-momodel/train/sunny/sunny_00543.jpg; datasets/6a39ed934d7b489daf5f80a4-momodel/train/sunny/sunny_01870.jpg
exact_dhash,c0d09292dbd47038,2,2,0,0,0,0,cloudy:2,,datasets/6a39ed934d7b489daf5f80a4-momodel/train/cloudy/cloudy_00547.jpg; datasets/6a39ed934d7b489daf5f80a4-momodel/train/cloudy/cloudy_01201.jpg
exact_dhash,c0e05e3727fef0f8,2,0,2,0,0,0,cloudy:2,datasets/6a39ed934d7b489daf5f80a4-momodel/train/cloudy/cloudy_00986.jpg; datasets/6a39ed934d7b489daf5f80a4-momodel/train/cloudy/cloudy_01739.jpg,
exact_dhash,c1c1c0c2c0c1e0d0,2,0,2,0,0,0,sunny:2,datasets/6a39ed934d7b489daf5f80a4-momodel/train/sunny/sunny_00919.jpg; datasets/6a39ed934d7b489daf5f80a4-momodel/train/sunny/sunny_01937.jpg,
exact_dhash,c48cce6369296b0f,2,2,0,0,0,0,cloudy:2,,datasets/6a39ed934d7b489daf5f80a4-momodel/train/cloudy/cloudy_01029.jpg; datasets/6a39ed934d7b489daf5f80a4-momodel/train/cloudy/cloudy_02112.jpg
exact_dhash,c4929cd8d4d0d058,2,2,0,0,0,0,cloudy:2,,datasets/6a39ed934d7b489daf5f80a4-momodel/train/cloudy/cloudy_00575.jpg; datasets/6a39ed934d7b489daf5f80a4-momodel/train/cloudy/cloudy_01988.jpg
exact_dhash,c4c0c0c0c0c0c0c0,2,0,2,0,0,0,sunny:2,datasets/6a39ed934d7b489daf5f80a4-momodel/train/sunny/sunny_00765.jpg; datasets/6a39ed934d7b489daf5f80a4-momodel/train/sunny/sunny_01801.jpg,
exact_dhash,c4e495597febeddc,2,2,0,0,0,0,cloudy:2,,datasets/6a39ed934d7b489daf5f80a4-momodel/train/cloudy/cloudy_01661.jpg; datasets/6a39ed934d7b489daf5f80a4-momodel/train/cloudy/cloudy_02180.jpg
exact_dhash,c5b6acae5eccd6de,2,2,0,0,0,0,cloudy:2,,datasets/6a39ed934d7b489daf5f80a4-momodel/train/cloudy/cloudy_00776.jpg; datasets/6a39ed934d7b489daf5f80a4-momodel/train/cloudy/cloudy_02076.jpg
exact_dhash,c5c64e1840c0c4c0,2,2,0,0,0,0,sunny:2,,datasets/6a39ed934d7b489daf5f80a4-momodel/train/sunny/sunny_01001.jpg; datasets/6a39ed934d7b489daf5f80a4-momodel/train/sunny/sunny_01919.jpg
exact_dhash,c669a29499f272f9,2,2,0,0,0,0,cloudy:2,,datasets/6a39ed934d7b489daf5f80a4-momodel/train/cloudy/cloudy_00677.jpg; datasets/6a39ed934d7b489daf5f80a4-momodel/train/cloudy/cloudy_02012.jpg
exact_dhash,c6c62acb9dba70e8,3,3,0,0,0,0,cloudy:3,,datasets/6a39ed934d7b489daf5f80a4-momodel/train/cloudy/cloudy_01450.jpg; datasets/6a39ed934d7b489daf5f80a4-momodel/train/cloudy/cloudy_01795.jpg; datasets/6a39ed934d7b489daf5f80a4-momodel/train/cloudy/cloudy_02066.jpg
exact_dhash,c6c879eacc9d25e6,5,5,0,0,0,0,cloudy:5,,datasets/6a39ed934d7b489daf5f80a4-momodel/train/cloudy/cloudy_01225.jpg; datasets/6a39ed934d7b489daf5f80a4-momodel/train/cloudy/cloudy_01294.jpg; datasets/6a39ed934d7b489daf5f80a4-momodel/train/cloudy/cloudy_01784.jpg; datasets/6a39ed934d7b489daf5f80a4-momodel/train/cloudy/cloudy_02082.jpg; datasets/6a39ed934d7b489daf5f80a4-momodel/train/cloudy/cloudy_02171.jpg
exact_dhash,c6d169d8f4f83810,2,2,0,0,0,0,cloudy:2,,datasets/6a39ed934d7b489daf5f80a4-momodel/train/cloudy/cloudy_01266.jpg; datasets/6a39ed934d7b489daf5f80a4-momodel/train/cloudy/cloudy_01993.jpg
exact_dhash,c7ccdc76e3e2f8fc,2,2,0,0,0,0,cloudy:2,,datasets/6a39ed934d7b489daf5f80a4-momodel/train/cloudy/cloudy_01120.jpg; datasets/6a39ed934d7b489daf5f80a4-momodel/train/cloudy/cloudy_01718.jpg
exact_dhash,c8f1e872b2a53acf,2,2,0,0,0,0,cloudy:2,,datasets/6a39ed934d7b489daf5f80a4-momodel/train/cloudy/cloudy_00480.jpg; datasets/6a39ed934d7b489daf5f80a4-momodel/train/cloudy/cloudy_00703.jpg
exact_dhash,c9c3c1c5c0818180,2,0,2,0,0,0,sunny:2,datasets/6a39ed934d7b489daf5f80a4-momodel/train/sunny/sunny_01140.jpg; datasets/6a39ed934d7b489daf5f80a4-momodel/train/sunny/sunny_01866.jpg,
exact_dhash,cc504061f1612b96,2,2,0,0,0,0,sunny:2,,datasets/6a39ed934d7b489daf5f80a4-momodel/train/sunny/sunny_01671.jpg; datasets/6a39ed934d7b489daf5f80a4-momodel/train/sunny/sunny_01816.jpg
exact_dhash,cce1e030077cf86f,2,0,2,0,0,0,cloudy:2,datasets/6a39ed934d7b489daf5f80a4-momodel/train/cloudy/cloudy_01087.jpg; datasets/6a39ed934d7b489daf5f80a4-momodel/train/cloudy/cloudy_02128.jpg,
exact_dhash,cdcecce5bb8ecaf0,2,2,0,0,0,0,cloudy:2,,datasets/6a39ed934d7b489daf5f80a4-momodel/train/cloudy/cloudy_01125.jpg; datasets/6a39ed934d7b489daf5f80a4-momodel/train/cloudy/cloudy_02085.jpg
exact_dhash,d0c0e0e1fd99a188,2,2,0,0,0,0,rainy:2,,datasets/6a39ed934d7b489daf5f80a4-momodel/train/rainy/rainy_00260.jpg; datasets/6a39ed934d7b489daf5f80a4-momodel/train/rainy/rainy_00425.jpg
exact_dhash,d0d0f8d9f8d8d8d8,2,2,0,0,0,0,cloudy:2,,datasets/6a39ed934d7b489daf5f80a4-momodel/train/cloudy/cloudy_01067.jpg; datasets/6a39ed934d7b489daf5f80a4-momodel/train/cloudy/cloudy_01788.jpg
exact_dhash,d132d4f070e0e0e0,2,2,0,0,0,0,cloudy:2,,datasets/6a39ed934d7b489daf5f80a4-momodel/train/cloudy/cloudy_00863.jpg; datasets/6a39ed934d7b489daf5f80a4-momodel/train/cloudy/cloudy_01965.jpg
exact_dhash,d49692b33931698a,2,2,0,0,0,0,cloudy:2,,datasets/6a39ed934d7b489daf5f80a4-momodel/train/cloudy/cloudy_00644.jpg; datasets/6a39ed934d7b489daf5f80a4-momodel/train/cloudy/cloudy_01752.jpg
exact_dhash,d89cbcfedeced0b0,2,2,0,0,0,0,sunny:2,,datasets/6a39ed934d7b489daf5f80a4-momodel/train/sunny/sunny_01619.jpg; datasets/6a39ed934d7b489daf5f80a4-momodel/train/sunny/sunny_01859.jpg
exact_dhash,d8f8fa796decac88,2,2,0,0,0,0,cloudy:2,,datasets/6a39ed934d7b489daf5f80a4-momodel/train/cloudy/cloudy_01723.jpg; datasets/6a39ed934d7b489daf5f80a4-momodel/train/cloudy/cloudy_02157.jpg
exact_dhash,d9d959dbdececdd0,2,2,0,0,0,0,sunny:2,,datasets/6a39ed934d7b489daf5f80a4-momodel/train/sunny/sunny_00262.jpg; datasets/6a39ed934d7b489daf5f80a4-momodel/train/sunny/sunny_01851.jpg
exact_dhash,da1685d2c2c04430,2,2,0,0,0,0,sunny:2,,datasets/6a39ed934d7b489daf5f80a4-momodel/train/sunny/sunny_00984.jpg; datasets/6a39ed934d7b489daf5f80a4-momodel/train/sunny/sunny_01935.jpg
exact_dhash,dcb4d85e9880f06c,3,3,0,0,0,0,cloudy:3,,datasets/6a39ed934d7b489daf5f80a4-momodel/train/cloudy/cloudy_00706.jpg; datasets/6a39ed934d7b489daf5f80a4-momodel/train/cloudy/cloudy_00765.jpg; datasets/6a39ed934d7b489daf5f80a4-momodel/train/cloudy/cloudy_01968.jpg
exact_dhash,de9a586e67989893,2,2,0,0,0,0,sunny:2,,datasets/6a39ed934d7b489daf5f80a4-momodel/train/sunny/sunny_01694.jpg; datasets/6a39ed934d7b489daf5f80a4-momodel/train/sunny/sunny_01900.jpg
exact_dhash,e0a4a9e26260e0b0,2,2,0,0,0,0,cloudy:2,,datasets/6a39ed934d7b489daf5f80a4-momodel/train/cloudy/cloudy_00639.jpg; datasets/6a39ed934d7b489daf5f80a4-momodel/train/cloudy/cloudy_02150.jpg
exact_dhash,e0c0a884c8c4c9e0,2,2,0,0,0,0,cloudy:2,,datasets/6a39ed934d7b489daf5f80a4-momodel/train/cloudy/cloudy_00936.jpg; datasets/6a39ed934d7b489daf5f80a4-momodel/train/cloudy/cloudy_01053.jpg
exact_dhash,e0e07c8fa0a3b080,2,2,0,0,0,0,cloudy:2,,datasets/6a39ed934d7b489daf5f80a4-momodel/train/cloudy/cloudy_00802.jpg; datasets/6a39ed934d7b489daf5f80a4-momodel/train/cloudy/cloudy_01305.jpg
exact_dhash,e0e0e0e03dd00373,2,2,0,0,0,0,sunny:2,,datasets/6a39ed934d7b489daf5f80a4-momodel/train/sunny/sunny_01523.jpg; datasets/6a39ed934d7b489daf5f80a4-momodel/train/sunny/sunny_01881.jpg
exact_dhash,e0e8a82ca060e2c0,2,2,0,0,0,0,cloudy:2,,datasets/6a39ed934d7b489daf5f80a4-momodel/train/cloudy/cloudy_00599.jpg; datasets/6a39ed934d7b489daf5f80a4-momodel/train/cloudy/cloudy_01743.jpg
exact_dhash,e0f8a0a0e2a0b0b8,2,2,0,0,0,0,cloudy:2,,datasets/6a39ed934d7b489daf5f80a4-momodel/train/cloudy/cloudy_00391.jpg; datasets/6a39ed934d7b489daf5f80a4-momodel/train/cloudy/cloudy_00635.jpg
exact_dhash,e1ac9ab1a738c644,2,2,0,0,0,0,sunny:2,,datasets/6a39ed934d7b489daf5f80a4-momodel/train/sunny/sunny_00906.jpg; datasets/6a39ed934d7b489daf5f80a4-momodel/train/sunny/sunny_01966.jpg
exact_dhash,e2c2c2c248c0c0c4,2,2,0,0,0,0,sunny:2,,datasets/6a39ed934d7b489daf5f80a4-momodel/train/sunny/sunny_01417.jpg; datasets/6a39ed934d7b489daf5f80a4-momodel/train/sunny/sunny_01798.jpg
exact_dhash,e2e066c53878728c,2,2,0,0,0,0,cloudy:2,,datasets/6a39ed934d7b489daf5f80a4-momodel/train/cloudy/cloudy_01361.jpg; datasets/6a39ed934d7b489daf5f80a4-momodel/train/cloudy/cloudy_01445.jpg
exact_dhash,e2e2e060f1d3e8f8,2,2,0,0,0,0,sunny:2,,datasets/6a39ed934d7b489daf5f80a4-momodel/train/sunny/sunny_01784.jpg; datasets/6a39ed934d7b489daf5f80a4-momodel/train/sunny/sunny_01926.jpg
exact_dhash,e2f1eac7cdb5e8c4,2,2,0,0,0,0,cloudy:2,,datasets/6a39ed934d7b489daf5f80a4-momodel/train/cloudy/cloudy_01070.jpg; datasets/6a39ed934d7b489daf5f80a4-momodel/train/cloudy/cloudy_01985.jpg
exact_dhash,e444c0c8c6a1bcea,2,2,0,0,0,0,cloudy:2,,datasets/6a39ed934d7b489daf5f80a4-momodel/train/cloudy/cloudy_01415.jpg; datasets/6a39ed934d7b489daf5f80a4-momodel/train/cloudy/cloudy_02065.jpg
exact_dhash,e481254f51511c70,2,2,0,0,0,0,cloudy:2,,datasets/6a39ed934d7b489daf5f80a4-momodel/train/cloudy/cloudy_00548.jpg; datasets/6a39ed934d7b489daf5f80a4-momodel/train/cloudy/cloudy_01082.jpg
exact_dhash,e4b0e478704226a2,2,2,0,0,1,0,cloudy:1; sunny:1,,datasets/6a39ed934d7b489daf5f80a4-momodel/train/cloudy/cloudy_00393.jpg; datasets/6a39ed934d7b489daf5f80a4-momodel/train/sunny/sunny_00226.jpg
exact_dhash,e860f3f698608000,2,2,0,0,0,0,cloudy:2,,datasets/6a39ed934d7b489daf5f80a4-momodel/train/cloudy/cloudy_01802.jpg; datasets/6a39ed934d7b489daf5f80a4-momodel/train/cloudy/cloudy_02113.jpg
exact_dhash,e8c8f0f692b0f4a8,2,2,0,0,0,0,sunny:2,,datasets/6a39ed934d7b489daf5f80a4-momodel/train/sunny/sunny_00504.jpg; datasets/6a39ed934d7b489daf5f80a4-momodel/train/sunny/sunny_00954.jpg
exact_dhash,e8ce8e9e96179d5a,2,2,0,0,0,0,cloudy:2,,datasets/6a39ed934d7b489daf5f80a4-momodel/train/cloudy/cloudy_01326.jpg; datasets/6a39ed934d7b489daf5f80a4-momodel/train/cloudy/cloudy_01958.jpg
exact_dhash,e8f4ece8f0f5f4a4,2,2,0,0,0,0,cloudy:2,,datasets/6a39ed934d7b489daf5f80a4-momodel/train/cloudy/cloudy_00947.jpg; datasets/6a39ed934d7b489daf5f80a4-momodel/train/cloudy/cloudy_02018.jpg
exact_dhash,eccccccca8caccce,2,2,0,0,0,0,cloudy:2,,datasets/6a39ed934d7b489daf5f80a4-momodel/train/cloudy/cloudy_00849.jpg; datasets/6a39ed934d7b489daf5f80a4-momodel/train/cloudy/cloudy_01630.jpg
exact_dhash,eccee576f8f0f9ba,2,2,0,0,0,0,cloudy:2,,datasets/6a39ed934d7b489daf5f80a4-momodel/train/cloudy/cloudy_01026.jpg; datasets/6a39ed934d7b489daf5f80a4-momodel/train/cloudy/cloudy_01245.jpg
exact_dhash,ecf57399cdec1f9b,2,2,0,0,0,0,cloudy:2,,datasets/6a39ed934d7b489daf5f80a4-momodel/train/cloudy/cloudy_01399.jpg; datasets/6a39ed934d7b489daf5f80a4-momodel/train/cloudy/cloudy_02178.jpg
exact_dhash,f0e1e360501a2048,2,2,0,0,0,0,cloudy:2,,datasets/6a39ed934d7b489daf5f80a4-momodel/train/cloudy/cloudy_00672.jpg; datasets/6a39ed934d7b489daf5f80a4-momodel/train/cloudy/cloudy_02174.jpg
exact_dhash,f0f0d0b2e0e0f0e0,2,2,0,0,0,0,sunny:2,,datasets/6a39ed934d7b489daf5f80a4-momodel/train/sunny/sunny_00498.jpg; datasets/6a39ed934d7b489daf5f80a4-momodel/train/sunny/sunny_01964.jpg
exact_dhash,f0f0f0e0f0f0b874,2,2,0,0,0,0,sunny:2,,datasets/6a39ed934d7b489daf5f80a4-momodel/train/sunny/sunny_00491.jpg; datasets/6a39ed934d7b489daf5f80a4-momodel/train/sunny/sunny_01849.jpg
exact_dhash,f0f0f0e0f0f0f0f0,2,2,0,0,0,0,sunny:2,,datasets/6a39ed934d7b489daf5f80a4-momodel/train/sunny/sunny_01285.jpg; datasets/6a39ed934d7b489daf5f80a4-momodel/train/sunny/sunny_01906.jpg
exact_dhash,f0f0f1e7dee16c34,2,2,0,0,0,0,cloudy:2,,datasets/6a39ed934d7b489daf5f80a4-momodel/train/cloudy/cloudy_01865.jpg; datasets/6a39ed934d7b489daf5f80a4-momodel/train/cloudy/cloudy_01963.jpg
exact_dhash,f17718e2a080f9e0,2,2,0,0,0,0,cloudy:2,,datasets/6a39ed934d7b489daf5f80a4-momodel/train/cloudy/cloudy_01913.jpg; datasets/6a39ed934d7b489daf5f80a4-momodel/train/cloudy/cloudy_02147.jpg
exact_dhash,f1f1e868b9b2e1e0,2,2,0,0,0,0,cloudy:2,,datasets/6a39ed934d7b489daf5f80a4-momodel/train/cloudy/cloudy_00577.jpg; datasets/6a39ed934d7b489daf5f80a4-momodel/train/cloudy/cloudy_01360.jpg
exact_dhash,f272eefe168400dc,3,3,0,0,0,0,sunny:3,,datasets/6a39ed934d7b489daf5f80a4-momodel/train/sunny/sunny_00591.jpg; datasets/6a39ed934d7b489daf5f80a4-momodel/train/sunny/sunny_01824.jpg; datasets/6a39ed934d7b489daf5f80a4-momodel/train/sunny/sunny_01876.jpg
exact_dhash,f27afe8c58f552d0,3,0,3,0,0,0,cloudy:3,datasets/6a39ed934d7b489daf5f80a4-momodel/train/cloudy/cloudy_01272.jpg; datasets/6a39ed934d7b489daf5f80a4-momodel/train/cloudy/cloudy_02044.jpg; datasets/6a39ed934d7b489daf5f80a4-momodel/train/cloudy/cloudy_02100.jpg,
exact_dhash,f2f6e8fae8fc9840,2,2,0,0,0,0,cloudy:2,,datasets/6a39ed934d7b489daf5f80a4-momodel/train/cloudy/cloudy_01934.jpg; datasets/6a39ed934d7b489daf5f80a4-momodel/train/cloudy/cloudy_02035.jpg
exact_dhash,f3ed698f87f6f8fc,2,2,0,0,0,0,cloudy:2,,datasets/6a39ed934d7b489daf5f80a4-momodel/train/cloudy/cloudy_01220.jpg; datasets/6a39ed934d7b489daf5f80a4-momodel/train/cloudy/cloudy_02173.jpg
exact_dhash,f4fc7ce075d5a4ba,2,2,0,0,0,0,cloudy:2,,datasets/6a39ed934d7b489daf5f80a4-momodel/train/cloudy/cloudy_00509.jpg; datasets/6a39ed934d7b489daf5f80a4-momodel/train/cloudy/cloudy_01759.jpg
exact_dhash,f67e393aba9e5ae7,2,0,2,0,0,0,cloudy:2,datasets/6a39ed934d7b489daf5f80a4-momodel/train/cloudy/cloudy_00889.jpg; datasets/6a39ed934d7b489daf5f80a4-momodel/train/cloudy/cloudy_02175.jpg,
exact_dhash,f87868babafaf83c,2,0,2,0,0,0,sunny:2,datasets/6a39ed934d7b489daf5f80a4-momodel/train/sunny/sunny_01447.jpg; datasets/6a39ed934d7b489daf5f80a4-momodel/train/sunny/sunny_01965.jpg,
exact_dhash,f879b8d8cad0a4e0,2,2,0,0,0,0,sunny:2,,datasets/6a39ed934d7b489daf5f80a4-momodel/train/sunny/sunny_00574.jpg; datasets/6a39ed934d7b489daf5f80a4-momodel/train/sunny/sunny_01840.jpg
exact_dhash,f8ccc0dabefbd8d8,3,3,0,0,0,0,cloudy:3,,datasets/6a39ed934d7b489daf5f80a4-momodel/train/cloudy/cloudy_01292.jpg; datasets/6a39ed934d7b489daf5f80a4-momodel/train/cloudy/cloudy_02111.jpg; datasets/6a39ed934d7b489daf5f80a4-momodel/train/cloudy/cloudy_02125.jpg
exact_dhash,f8e0c60d335bd6eb,2,2,0,0,0,0,cloudy:2,,datasets/6a39ed934d7b489daf5f80a4-momodel/train/cloudy/cloudy_00943.jpg; datasets/6a39ed934d7b489daf5f80a4-momodel/train/cloudy/cloudy_01845.jpg
exact_dhash,f8f0dc98b8f06973,2,0,2,0,0,0,cloudy:2,datasets/6a39ed934d7b489daf5f80a4-momodel/train/cloudy/cloudy_02124.jpg; datasets/6a39ed934d7b489daf5f80a4-momodel/train/cloudy/cloudy_02184.jpg,
exact_dhash,f8f0f0f2d0cae090,2,2,0,0,0,0,cloudy:2,,datasets/6a39ed934d7b489daf5f80a4-momodel/train/cloudy/cloudy_01133.jpg; datasets/6a39ed934d7b489daf5f80a4-momodel/train/cloudy/cloudy_01616.jpg
exact_dhash,f8f2e3e0c0b27070,2,2,0,0,0,0,cloudy:2,,datasets/6a39ed934d7b489daf5f80a4-momodel/train/cloudy/cloudy_01883.jpg; datasets/6a39ed934d7b489daf5f80a4-momodel/train/cloudy/cloudy_01930.jpg
exact_dhash,f8f8d8f999f8e089,2,2,0,0,0,0,sunny:2,,datasets/6a39ed934d7b489daf5f80a4-momodel/train/sunny/sunny_00230.jpg; datasets/6a39ed934d7b489daf5f80a4-momodel/train/sunny/sunny_01867.jpg
exact_dhash,f8f8f8f8e6f0f8cc,2,2,0,0,0,0,sunny:2,,datasets/6a39ed934d7b489daf5f80a4-momodel/train/sunny/sunny_01875.jpg; datasets/6a39ed934d7b489daf5f80a4-momodel/train/sunny/sunny_01930.jpg
exact_dhash,f9f830e698dafcc4,2,2,0,0,0,0,cloudy:2,,datasets/6a39ed934d7b489daf5f80a4-momodel/train/cloudy/cloudy_01943.jpg; datasets/6a39ed934d7b489daf5f80a4-momodel/train/cloudy/cloudy_02161.jpg
exact_dhash,fc5c5c3cb434d5b3,2,2,0,0,0,0,sunny:2,,datasets/6a39ed934d7b489daf5f80a4-momodel/train/sunny/sunny_01454.jpg; datasets/6a39ed934d7b489daf5f80a4-momodel/train/sunny/sunny_01836.jpg
exact_dhash,fce904c09002e000,2,2,0,0,0,0,cloudy:2,,datasets/6a39ed934d7b489daf5f80a4-momodel/train/cloudy/cloudy_01090.jpg; datasets/6a39ed934d7b489daf5f80a4-momodel/train/cloudy/cloudy_01552.jpg
exact_dhash,fcecfcf4e0fce4ec,2,2,0,0,0,0,sunny:2,,datasets/6a39ed934d7b489daf5f80a4-momodel/train/sunny/sunny_00264.jpg; datasets/6a39ed934d7b489daf5f80a4-momodel/train/sunny/sunny_01822.jpg
exact_dhash,fcfcecfcc1e1191d,2,2,0,0,0,0,rainy:2,,datasets/6a39ed934d7b489daf5f80a4-momodel/train/rainy/rainy_00180.jpg; datasets/6a39ed934d7b489daf5f80a4-momodel/train/rainy/rainy_00437.jpg
exact_dhash,fcfe1e9faf7be7b9,2,0,2,0,0,0,cloudy:2,datasets/6a39ed934d7b489daf5f80a4-momodel/train/cloudy/cloudy_02104.jpg; datasets/6a39ed934d7b489daf5f80a4-momodel/train/cloudy/cloudy_02135.jpg,
exact_dhash,feefd18dc8f0a1d1,2,2,0,0,0,0,cloudy:2,,datasets/6a39ed934d7b489daf5f80a4-momodel/train/cloudy/cloudy_01815.jpg; datasets/6a39ed934d7b489daf5f80a4-momodel/train/cloudy/cloudy_01989.jpg
exact_dhash,fefbfaf87868302a,2,2,0,0,0,0,sunny:2,,datasets/6a39ed934d7b489daf5f80a4-momodel/train/sunny/sunny_01112.jpg; datasets/6a39ed934d7b489daf5f80a4-momodel/train/sunny/sunny_01909.jpg
exact_dhash,ff7f3f2b29a59cc5,2,2,0,0,1,0,cloudy:1; sunny:1,,datasets/6a39ed934d7b489daf5f80a4-momodel/train/cloudy/cloudy_00994.jpg; datasets/6a39ed934d7b489daf5f80a4-momodel/train/sunny/sunny_01585.jpg
near_duplicate,near_001,2,2,0,0,0,0,cloudy:2,,datasets/6a39ed934d7b489daf5f80a4-momodel/train/cloudy/cloudy_00391.jpg; datasets/6a39ed934d7b489daf5f80a4-momodel/train/cloudy/cloudy_00635.jpg
near_duplicate,near_002,2,2,0,0,1,0,cloudy:1; sunny:1,,datasets/6a39ed934d7b489daf5f80a4-momodel/train/cloudy/cloudy_00393.jpg; datasets/6a39ed934d7b489daf5f80a4-momodel/train/sunny/sunny_00226.jpg
near_duplicate,near_003,2,0,2,0,0,0,cloudy:2,datasets/6a39ed934d7b489daf5f80a4-momodel/train/cloudy/cloudy_00456.jpg; datasets/6a39ed934d7b489daf5f80a4-momodel/train/cloudy/cloudy_01694.jpg,
near_duplicate,near_004,2,2,0,0,0,0,cloudy:2,,datasets/6a39ed934d7b489daf5f80a4-momodel/train/cloudy/cloudy_00474.jpg; datasets/6a39ed934d7b489daf5f80a4-momodel/train/cloudy/cloudy_02132.jpg
near_duplicate,near_005,2,2,0,0,0,0,cloudy:2,,datasets/6a39ed934d7b489daf5f80a4-momodel/train/cloudy/cloudy_00480.jpg; datasets/6a39ed934d7b489daf5f80a4-momodel/train/cloudy/cloudy_00703.jpg
near_duplicate,near_006,2,2,0,0,0,0,cloudy:2,,datasets/6a39ed934d7b489daf5f80a4-momodel/train/cloudy/cloudy_00488.jpg; datasets/6a39ed934d7b489daf5f80a4-momodel/train/cloudy/cloudy_01782.jpg
near_duplicate,near_007,2,2,0,0,0,0,cloudy:2,,datasets/6a39ed934d7b489daf5f80a4-momodel/train/cloudy/cloudy_00497.jpg; datasets/6a39ed934d7b489daf5f80a4-momodel/train/cloudy/cloudy_00945.jpg
near_duplicate,near_008,2,0,2,0,0,0,cloudy:2,datasets/6a39ed934d7b489daf5f80a4-momodel/train/cloudy/cloudy_00501.jpg; datasets/6a39ed934d7b489daf5f80a4-momodel/train/cloudy/cloudy_01282.jpg,
near_duplicate,near_009,2,2,0,0,0,0,cloudy:2,,datasets/6a39ed934d7b489daf5f80a4-momodel/train/cloudy/cloudy_00509.jpg; datasets/6a39ed934d7b489daf5f80a4-momodel/train/cloudy/cloudy_01759.jpg
near_duplicate,near_010,2,2,0,0,0,0,cloudy:2,,datasets/6a39ed934d7b489daf5f80a4-momodel/train/cloudy/cloudy_00547.jpg; datasets/6a39ed934d7b489daf5f80a4-momodel/train/cloudy/cloudy_01201.jpg
near_duplicate,near_011,2,2,0,0,0,0,cloudy:2,,datasets/6a39ed934d7b489daf5f80a4-momodel/train/cloudy/cloudy_00548.jpg; datasets/6a39ed934d7b489daf5f80a4-momodel/train/cloudy/cloudy_01082.jpg
near_duplicate,near_012,2,2,0,0,0,0,cloudy:2,,datasets/6a39ed934d7b489daf5f80a4-momodel/train/cloudy/cloudy_00551.jpg; datasets/6a39ed934d7b489daf5f80a4-momodel/train/cloudy/cloudy_02041.jpg
near_duplicate,near_013,2,2,0,0,0,0,cloudy:2,,datasets/6a39ed934d7b489daf5f80a4-momodel/train/cloudy/cloudy_00559.jpg; datasets/6a39ed934d7b489daf5f80a4-momodel/train/cloudy/cloudy_00605.jpg
near_duplicate,near_014,2,0,2,0,0,0,cloudy:2,datasets/6a39ed934d7b489daf5f80a4-momodel/train/cloudy/cloudy_00567.jpg; datasets/6a39ed934d7b489daf5f80a4-momodel/train/cloudy/cloudy_00686.jpg,
near_duplicate,near_015,7,5,2,1,1,0,sunny:5; cloudy:2,datasets/6a39ed934d7b489daf5f80a4-momodel/train/sunny/sunny_00765.jpg; datasets/6a39ed934d7b489daf5f80a4-momodel/train/sunny/sunny_01801.jpg,datasets/6a39ed934d7b489daf5f80a4-momodel/train/cloudy/cloudy_00570.jpg; datasets/6a39ed934d7b489daf5f80a4-momodel/train/cloudy/cloudy_01267.jpg; datasets/6a39ed934d7b489daf5f80a4-momodel/train/sunny/sunny_01879.jpg; datasets/6a39ed934d7b489daf5f80a4-momodel/train/sunny/sunny_01882.jpg; datasets/6a39ed934d7b489daf5f80a4-momodel/train/sunny/sunny_01914.jpg
near_duplicate,near_016,3,3,0,0,0,0,cloudy:3,,datasets/6a39ed934d7b489daf5f80a4-momodel/train/cloudy/cloudy_00575.jpg; datasets/6a39ed934d7b489daf5f80a4-momodel/train/cloudy/cloudy_01189.jpg; datasets/6a39ed934d7b489daf5f80a4-momodel/train/cloudy/cloudy_01988.jpg
near_duplicate,near_017,2,2,0,0,0,0,cloudy:2,,datasets/6a39ed934d7b489daf5f80a4-momodel/train/cloudy/cloudy_00577.jpg; datasets/6a39ed934d7b489daf5f80a4-momodel/train/cloudy/cloudy_01360.jpg
near_duplicate,near_018,2,0,2,0,0,0,cloudy:2,datasets/6a39ed934d7b489daf5f80a4-momodel/train/cloudy/cloudy_00578.jpg; datasets/6a39ed934d7b489daf5f80a4-momodel/train/cloudy/cloudy_01315.jpg,
near_duplicate,near_019,5,5,0,0,0,0,cloudy:5,,datasets/6a39ed934d7b489daf5f80a4-momodel/train/cloudy/cloudy_00581.jpg; datasets/6a39ed934d7b489daf5f80a4-momodel/train/cloudy/cloudy_01084.jpg; datasets/6a39ed934d7b489daf5f80a4-momodel/train/cloudy/cloudy_02059.jpg; datasets/6a39ed934d7b489daf5f80a4-momodel/train/cloudy/cloudy_02078.jpg; datasets/6a39ed934d7b489daf5f80a4-momodel/train/cloudy/cloudy_02162.jpg
near_duplicate,near_020,2,2,0,0,0,0,cloudy:2,,datasets/6a39ed934d7b489daf5f80a4-momodel/train/cloudy/cloudy_00588.jpg; datasets/6a39ed934d7b489daf5f80a4-momodel/train/cloudy/cloudy_01022.jpg
near_duplicate,near_021,2,2,0,0,0,0,cloudy:2,,datasets/6a39ed934d7b489daf5f80a4-momodel/train/cloudy/cloudy_00599.jpg; datasets/6a39ed934d7b489daf5f80a4-momodel/train/cloudy/cloudy_01743.jpg
near_duplicate,near_022,2,2,0,0,0,0,cloudy:2,,datasets/6a39ed934d7b489daf5f80a4-momodel/train/cloudy/cloudy_00611.jpg; datasets/6a39ed934d7b489daf5f80a4-momodel/train/cloudy/cloudy_02117.jpg
near_duplicate,near_023,2,2,0,0,0,0,cloudy:2,,datasets/6a39ed934d7b489daf5f80a4-momodel/train/cloudy/cloudy_00616.jpg; datasets/6a39ed934d7b489daf5f80a4-momodel/train/cloudy/cloudy_02053.jpg
near_duplicate,near_024,2,2,0,0,0,0,cloudy:2,,datasets/6a39ed934d7b489daf5f80a4-momodel/train/cloudy/cloudy_00624.jpg; datasets/6a39ed934d7b489daf5f80a4-momodel/train/cloudy/cloudy_01789.jpg
near_duplicate,near_025,2,2,0,0,0,0,cloudy:2,,datasets/6a39ed934d7b489daf5f80a4-momodel/train/cloudy/cloudy_00639.jpg; datasets/6a39ed934d7b489daf5f80a4-momodel/train/cloudy/cloudy_02150.jpg
near_duplicate,near_026,2,2,0,0,0,0,cloudy:2,,datasets/6a39ed934d7b489daf5f80a4-momodel/train/cloudy/cloudy_00641.jpg; datasets/6a39ed934d7b489daf5f80a4-momodel/train/cloudy/cloudy_00742.jpg
near_duplicate,near_027,2,2,0,0,0,0,cloudy:2,,datasets/6a39ed934d7b489daf5f80a4-momodel/train/cloudy/cloudy_00644.jpg; datasets/6a39ed934d7b489daf5f80a4-momodel/train/cloudy/cloudy_01752.jpg
near_duplicate,near_028,2,2,0,0,0,0,cloudy:2,,datasets/6a39ed934d7b489daf5f80a4-momodel/train/cloudy/cloudy_00650.jpg; datasets/6a39ed934d7b489daf5f80a4-momodel/train/cloudy/cloudy_02160.jpg
near_duplicate,near_029,2,2,0,0,0,0,cloudy:2,,datasets/6a39ed934d7b489daf5f80a4-momodel/train/cloudy/cloudy_00672.jpg; datasets/6a39ed934d7b489daf5f80a4-momodel/train/cloudy/cloudy_02174.jpg
near_duplicate,near_030,2,2,0,0,0,0,cloudy:2,,datasets/6a39ed934d7b489daf5f80a4-momodel/train/cloudy/cloudy_00677.jpg; datasets/6a39ed934d7b489daf5f80a4-momodel/train/cloudy/cloudy_02012.jpg
near_duplicate,near_031,3,0,3,0,0,0,cloudy:3,datasets/6a39ed934d7b489daf5f80a4-momodel/train/cloudy/cloudy_00682.jpg; datasets/6a39ed934d7b489daf5f80a4-momodel/train/cloudy/cloudy_01498.jpg; datasets/6a39ed934d7b489daf5f80a4-momodel/train/cloudy/cloudy_02039.jpg,
near_duplicate,near_032,3,3,0,0,0,0,cloudy:3,,datasets/6a39ed934d7b489daf5f80a4-momodel/train/cloudy/cloudy_00706.jpg; datasets/6a39ed934d7b489daf5f80a4-momodel/train/cloudy/cloudy_00765.jpg; datasets/6a39ed934d7b489daf5f80a4-momodel/train/cloudy/cloudy_01968.jpg
near_duplicate,near_033,3,2,1,1,0,0,cloudy:3,datasets/6a39ed934d7b489daf5f80a4-momodel/train/cloudy/cloudy_01984.jpg,datasets/6a39ed934d7b489daf5f80a4-momodel/train/cloudy/cloudy_00768.jpg; datasets/6a39ed934d7b489daf5f80a4-momodel/train/cloudy/cloudy_02073.jpg
near_duplicate,near_034,2,2,0,0,0,0,cloudy:2,,datasets/6a39ed934d7b489daf5f80a4-momodel/train/cloudy/cloudy_00776.jpg; datasets/6a39ed934d7b489daf5f80a4-momodel/train/cloudy/cloudy_02076.jpg
near_duplicate,near_035,2,2,0,0,0,0,cloudy:2,,datasets/6a39ed934d7b489daf5f80a4-momodel/train/cloudy/cloudy_00777.jpg; datasets/6a39ed934d7b489daf5f80a4-momodel/train/cloudy/cloudy_02098.jpg
near_duplicate,near_036,2,2,0,0,0,0,cloudy:2,,datasets/6a39ed934d7b489daf5f80a4-momodel/train/cloudy/cloudy_00802.jpg; datasets/6a39ed934d7b489daf5f80a4-momodel/train/cloudy/cloudy_01305.jpg
near_duplicate,near_037,2,2,0,0,0,0,cloudy:2,,datasets/6a39ed934d7b489daf5f80a4-momodel/train/cloudy/cloudy_00803.jpg; datasets/6a39ed934d7b489daf5f80a4-momodel/train/cloudy/cloudy_01198.jpg
near_duplicate,near_038,2,2,0,0,0,0,cloudy:2,,datasets/6a39ed934d7b489daf5f80a4-momodel/train/cloudy/cloudy_00849.jpg; datasets/6a39ed934d7b489daf5f80a4-momodel/train/cloudy/cloudy_01630.jpg
near_duplicate,near_039,2,2,0,0,0,0,cloudy:2,,datasets/6a39ed934d7b489daf5f80a4-momodel/train/cloudy/cloudy_00863.jpg; datasets/6a39ed934d7b489daf5f80a4-momodel/train/cloudy/cloudy_01965.jpg
near_duplicate,near_040,2,0,2,0,0,0,cloudy:2,datasets/6a39ed934d7b489daf5f80a4-momodel/train/cloudy/cloudy_00889.jpg; datasets/6a39ed934d7b489daf5f80a4-momodel/train/cloudy/cloudy_02175.jpg,
near_duplicate,near_041,2,2,0,0,0,0,cloudy:2,,datasets/6a39ed934d7b489daf5f80a4-momodel/train/cloudy/cloudy_00932.jpg; datasets/6a39ed934d7b489daf5f80a4-momodel/train/cloudy/cloudy_02036.jpg
near_duplicate,near_042,2,2,0,0,0,0,cloudy:2,,datasets/6a39ed934d7b489daf5f80a4-momodel/train/cloudy/cloudy_00936.jpg; datasets/6a39ed934d7b489daf5f80a4-momodel/train/cloudy/cloudy_01053.jpg
near_duplicate,near_043,2,2,0,0,0,0,cloudy:2,,datasets/6a39ed934d7b489daf5f80a4-momodel/train/cloudy/cloudy_00943.jpg; datasets/6a39ed934d7b489daf5f80a4-momodel/train/cloudy/cloudy_01845.jpg
near_duplicate,near_044,2,2,0,0,0,0,cloudy:2,,datasets/6a39ed934d7b489daf5f80a4-momodel/train/cloudy/cloudy_00947.jpg; datasets/6a39ed934d7b489daf5f80a4-momodel/train/cloudy/cloudy_02018.jpg
near_duplicate,near_045,3,3,0,0,0,0,cloudy:3,,datasets/6a39ed934d7b489daf5f80a4-momodel/train/cloudy/cloudy_00964.jpg; datasets/6a39ed934d7b489daf5f80a4-momodel/train/cloudy/cloudy_02063.jpg; datasets/6a39ed934d7b489daf5f80a4-momodel/train/cloudy/cloudy_02070.jpg
near_duplicate,near_046,2,0,2,0,0,0,cloudy:2,datasets/6a39ed934d7b489daf5f80a4-momodel/train/cloudy/cloudy_00986.jpg; datasets/6a39ed934d7b489daf5f80a4-momodel/train/cloudy/cloudy_01739.jpg,
near_duplicate,near_047,2,2,0,0,0,0,cloudy:2,,datasets/6a39ed934d7b489daf5f80a4-momodel/train/cloudy/cloudy_00989.jpg; datasets/6a39ed934d7b489daf5f80a4-momodel/train/cloudy/cloudy_01596.jpg
near_duplicate,near_048,3,3,0,0,0,0,cloudy:3,,datasets/6a39ed934d7b489daf5f80a4-momodel/train/cloudy/cloudy_00993.jpg; datasets/6a39ed934d7b489daf5f80a4-momodel/train/cloudy/cloudy_01349.jpg; datasets/6a39ed934d7b489daf5f80a4-momodel/train/cloudy/cloudy_02183.jpg
near_duplicate,near_049,2,2,0,0,1,0,cloudy:1; sunny:1,,datasets/6a39ed934d7b489daf5f80a4-momodel/train/cloudy/cloudy_00994.jpg; datasets/6a39ed934d7b489daf5f80a4-momodel/train/sunny/sunny_01585.jpg
near_duplicate,near_050,2,2,0,0,0,0,cloudy:2,,datasets/6a39ed934d7b489daf5f80a4-momodel/train/cloudy/cloudy_01026.jpg; datasets/6a39ed934d7b489daf5f80a4-momodel/train/cloudy/cloudy_01245.jpg
near_duplicate,near_051,2,2,0,0,0,0,cloudy:2,,datasets/6a39ed934d7b489daf5f80a4-momodel/train/cloudy/cloudy_01029.jpg; datasets/6a39ed934d7b489daf5f80a4-momodel/train/cloudy/cloudy_02112.jpg
near_duplicate,near_052,3,3,0,0,0,0,cloudy:3,,datasets/6a39ed934d7b489daf5f80a4-momodel/train/cloudy/cloudy_01030.jpg; datasets/6a39ed934d7b489daf5f80a4-momodel/train/cloudy/cloudy_01415.jpg; datasets/6a39ed934d7b489daf5f80a4-momodel/train/cloudy/cloudy_02065.jpg
near_duplicate,near_053,2,0,2,0,0,0,cloudy:2,datasets/6a39ed934d7b489daf5f80a4-momodel/train/cloudy/cloudy_01036.jpg; datasets/6a39ed934d7b489daf5f80a4-momodel/train/cloudy/cloudy_02142.jpg,
near_duplicate,near_054,2,0,2,0,0,0,cloudy:2,datasets/6a39ed934d7b489daf5f80a4-momodel/train/cloudy/cloudy_01049.jpg; datasets/6a39ed934d7b489daf5f80a4-momodel/train/cloudy/cloudy_01929.jpg,
near_duplicate,near_055,2,2,0,0,0,0,cloudy:2,,datasets/6a39ed934d7b489daf5f80a4-momodel/train/cloudy/cloudy_01067.jpg; datasets/6a39ed934d7b489daf5f80a4-momodel/train/cloudy/cloudy_01788.jpg
near_duplicate,near_056,2,2,0,0,0,0,cloudy:2,,datasets/6a39ed934d7b489daf5f80a4-momodel/train/cloudy/cloudy_01070.jpg; datasets/6a39ed934d7b489daf5f80a4-momodel/train/cloudy/cloudy_01985.jpg
near_duplicate,near_057,2,2,0,0,0,0,cloudy:2,,datasets/6a39ed934d7b489daf5f80a4-momodel/train/cloudy/cloudy_01073.jpg; datasets/6a39ed934d7b489daf5f80a4-momodel/train/cloudy/cloudy_01693.jpg
near_duplicate,near_058,3,1,2,1,0,0,cloudy:3,datasets/6a39ed934d7b489daf5f80a4-momodel/train/cloudy/cloudy_01087.jpg; datasets/6a39ed934d7b489daf5f80a4-momodel/train/cloudy/cloudy_02128.jpg,datasets/6a39ed934d7b489daf5f80a4-momodel/train/cloudy/cloudy_02141.jpg
near_duplicate,near_059,2,2,0,0,0,0,cloudy:2,,datasets/6a39ed934d7b489daf5f80a4-momodel/train/cloudy/cloudy_01090.jpg; datasets/6a39ed934d7b489daf5f80a4-momodel/train/cloudy/cloudy_01552.jpg
near_duplicate,near_060,2,0,2,0,0,0,cloudy:2,datasets/6a39ed934d7b489daf5f80a4-momodel/train/cloudy/cloudy_01098.jpg; datasets/6a39ed934d7b489daf5f80a4-momodel/train/cloudy/cloudy_02052.jpg,
near_duplicate,near_061,2,2,0,0,0,0,cloudy:2,,datasets/6a39ed934d7b489daf5f80a4-momodel/train/cloudy/cloudy_01120.jpg; datasets/6a39ed934d7b489daf5f80a4-momodel/train/cloudy/cloudy_01718.jpg
near_duplicate,near_062,2,2,0,0,0,0,cloudy:2,,datasets/6a39ed934d7b489daf5f80a4-momodel/train/cloudy/cloudy_01125.jpg; datasets/6a39ed934d7b489daf5f80a4-momodel/train/cloudy/cloudy_02085.jpg
near_duplicate,near_063,2,2,0,0,0,0,cloudy:2,,datasets/6a39ed934d7b489daf5f80a4-momodel/train/cloudy/cloudy_01133.jpg; datasets/6a39ed934d7b489daf5f80a4-momodel/train/cloudy/cloudy_01616.jpg
near_duplicate,near_064,2,2,0,0,0,0,cloudy:2,,datasets/6a39ed934d7b489daf5f80a4-momodel/train/cloudy/cloudy_01145.jpg; datasets/6a39ed934d7b489daf5f80a4-momodel/train/cloudy/cloudy_01970.jpg
near_duplicate,near_065,2,0,2,0,0,0,cloudy:2,datasets/6a39ed934d7b489daf5f80a4-momodel/train/cloudy/cloudy_01149.jpg; datasets/6a39ed934d7b489daf5f80a4-momodel/train/cloudy/cloudy_01852.jpg,
near_duplicate,near_066,2,2,0,0,0,0,cloudy:2,,datasets/6a39ed934d7b489daf5f80a4-momodel/train/cloudy/cloudy_01152.jpg; datasets/6a39ed934d7b489daf5f80a4-momodel/train/cloudy/cloudy_02043.jpg
near_duplicate,near_067,2,0,2,0,0,0,cloudy:2,datasets/6a39ed934d7b489daf5f80a4-momodel/train/cloudy/cloudy_01179.jpg; datasets/6a39ed934d7b489daf5f80a4-momodel/train/cloudy/cloudy_01217.jpg,
near_duplicate,near_068,2,2,0,0,0,0,cloudy:2,,datasets/6a39ed934d7b489daf5f80a4-momodel/train/cloudy/cloudy_01184.jpg; datasets/6a39ed934d7b489daf5f80a4-momodel/train/cloudy/cloudy_01959.jpg
near_duplicate,near_069,2,2,0,0,0,0,cloudy:2,,datasets/6a39ed934d7b489daf5f80a4-momodel/train/cloudy/cloudy_01193.jpg; datasets/6a39ed934d7b489daf5f80a4-momodel/train/cloudy/cloudy_01332.jpg
near_duplicate,near_070,2,2,0,0,0,0,cloudy:2,,datasets/6a39ed934d7b489daf5f80a4-momodel/train/cloudy/cloudy_01205.jpg; datasets/6a39ed934d7b489daf5f80a4-momodel/train/cloudy/cloudy_02153.jpg
near_duplicate,near_071,2,2,0,0,0,0,cloudy:2,,datasets/6a39ed934d7b489daf5f80a4-momodel/train/cloudy/cloudy_01211.jpg; datasets/6a39ed934d7b489daf5f80a4-momodel/train/cloudy/cloudy_01990.jpg
near_duplicate,near_072,2,2,0,0,0,0,cloudy:2,,datasets/6a39ed934d7b489daf5f80a4-momodel/train/cloudy/cloudy_01220.jpg; datasets/6a39ed934d7b489daf5f80a4-momodel/train/cloudy/cloudy_02173.jpg
near_duplicate,near_073,5,5,0,0,0,0,cloudy:5,,datasets/6a39ed934d7b489daf5f80a4-momodel/train/cloudy/cloudy_01225.jpg; datasets/6a39ed934d7b489daf5f80a4-momodel/train/cloudy/cloudy_01294.jpg; datasets/6a39ed934d7b489daf5f80a4-momodel/train/cloudy/cloudy_01784.jpg; datasets/6a39ed934d7b489daf5f80a4-momodel/train/cloudy/cloudy_02082.jpg; datasets/6a39ed934d7b489daf5f80a4-momodel/train/cloudy/cloudy_02171.jpg
near_duplicate,near_074,2,2,0,0,0,0,cloudy:2,,datasets/6a39ed934d7b489daf5f80a4-momodel/train/cloudy/cloudy_01266.jpg; datasets/6a39ed934d7b489daf5f80a4-momodel/train/cloudy/cloudy_01993.jpg
near_duplicate,near_075,3,3,0,0,0,0,cloudy:3,,datasets/6a39ed934d7b489daf5f80a4-momodel/train/cloudy/cloudy_01268.jpg; datasets/6a39ed934d7b489daf5f80a4-momodel/train/cloudy/cloudy_01981.jpg; datasets/6a39ed934d7b489daf5f80a4-momodel/train/cloudy/cloudy_02107.jpg
near_duplicate,near_076,3,0,3,0,0,0,cloudy:3,datasets/6a39ed934d7b489daf5f80a4-momodel/train/cloudy/cloudy_01272.jpg; datasets/6a39ed934d7b489daf5f80a4-momodel/train/cloudy/cloudy_02044.jpg; datasets/6a39ed934d7b489daf5f80a4-momodel/train/cloudy/cloudy_02100.jpg,
near_duplicate,near_077,3,3,0,0,0,0,cloudy:3,,datasets/6a39ed934d7b489daf5f80a4-momodel/train/cloudy/cloudy_01292.jpg; datasets/6a39ed934d7b489daf5f80a4-momodel/train/cloudy/cloudy_02111.jpg; datasets/6a39ed934d7b489daf5f80a4-momodel/train/cloudy/cloudy_02125.jpg
near_duplicate,near_078,2,2,0,0,0,0,cloudy:2,,datasets/6a39ed934d7b489daf5f80a4-momodel/train/cloudy/cloudy_01301.jpg; datasets/6a39ed934d7b489daf5f80a4-momodel/train/cloudy/cloudy_02003.jpg
near_duplicate,near_079,2,2,0,0,0,0,cloudy:2,,datasets/6a39ed934d7b489daf5f80a4-momodel/train/cloudy/cloudy_01309.jpg; datasets/6a39ed934d7b489daf5f80a4-momodel/train/cloudy/cloudy_02045.jpg
near_duplicate,near_080,2,2,0,0,0,0,cloudy:2,,datasets/6a39ed934d7b489daf5f80a4-momodel/train/cloudy/cloudy_01324.jpg; datasets/6a39ed934d7b489daf5f80a4-momodel/train/cloudy/cloudy_02181.jpg
near_duplicate,near_081,2,2,0,0,0,0,cloudy:2,,datasets/6a39ed934d7b489daf5f80a4-momodel/train/cloudy/cloudy_01326.jpg; datasets/6a39ed934d7b489daf5f80a4-momodel/train/cloudy/cloudy_01958.jpg
near_duplicate,near_082,2,2,0,0,0,0,cloudy:2,,datasets/6a39ed934d7b489daf5f80a4-momodel/train/cloudy/cloudy_01361.jpg; datasets/6a39ed934d7b489daf5f80a4-momodel/train/cloudy/cloudy_01445.jpg
near_duplicate,near_083,2,2,0,0,0,0,cloudy:2,,datasets/6a39ed934d7b489daf5f80a4-momodel/train/cloudy/cloudy_01363.jpg; datasets/6a39ed934d7b489daf5f80a4-momodel/train/cloudy/cloudy_02004.jpg
near_duplicate,near_084,2,2,0,0,0,0,cloudy:2,,datasets/6a39ed934d7b489daf5f80a4-momodel/train/cloudy/cloudy_01379.jpg; datasets/6a39ed934d7b489daf5f80a4-momodel/train/cloudy/cloudy_02154.jpg
near_duplicate,near_085,25,22,3,1,1,0,sunny:12; cloudy:5; rainy:4; snowy:4,datasets/6a39ed934d7b489daf5f80a4-momodel/train/cloudy/cloudy_01877.jpg; datasets/6a39ed934d7b489daf5f80a4-momodel/train/sunny/sunny_00439.jpg; datasets/6a39ed934d7b489daf5f80a4-momodel/train/sunny/sunny_01938.jpg,datasets/6a39ed934d7b489daf5f80a4-momodel/train/cloudy/cloudy_00375.jpg; datasets/6a39ed934d7b489daf5f80a4-momodel/train/cloudy/cloudy_00483.jpg; datasets/6a39ed934d7b489daf5f80a4-momodel/train/cloudy/cloudy_01389.jpg; datasets/6a39ed934d7b489daf5f80a4-momodel/train/cloudy/cloudy_01724.jpg; datasets/6a39ed934d7b489daf5f80a4-momodel/train/rainy/rainy_00108.jpg; datasets/6a39ed934d7b489daf5f80a4-momodel/train/rainy/rainy_00237.jpg; datasets/6a39ed934d7b489daf5f80a4-momodel/train/rainy/rainy_00358.jpg; datasets/6a39ed934d7b489daf5f80a4-momodel/train/rainy/rainy_00423.jpg; datasets/6a39ed934d7b489daf5f80a4-momodel/train/snowy/snowy_00031.jpg; datasets/6a39ed934d7b489daf5f80a4-momodel/train/snowy/snowy_00035.jpg; datasets/6a39ed934d7b489daf5f80a4-momodel/train/snowy/snowy_00361.jpg; datasets/6a39ed934d7b489daf5f80a4-momodel/train/snowy/snowy_00394.jpg; datasets/6a39ed934d7b489daf5f80a4-momodel/train/sunny/sunny_00124.jpg; datasets/6a39ed934d7b489daf5f80a4-momodel/train/sunny/sunny_00491.jpg; datasets/6a39ed934d7b489daf5f80a4-momodel/train/sunny/sunny_01285.jpg; datasets/6a39ed934d7b489daf5f80a4-momodel/train/sunny/sunny_01849.jpg; datasets/6a39ed934d7b489daf5f80a4-momodel/train/sunny/sunny_01875.jpg; datasets/6a39ed934d7b489daf5f80a4-momodel/train/sunny/sunny_01906.jpg; datasets/6a39ed934d7b489daf5f80a4-momodel/train/sunny/sunny_01908.jpg; datasets/6a39ed934d7b489daf5f80a4-momodel/train/sunny/sunny_01916.jpg; datasets/6a39ed934d7b489daf5f80a4-momodel/train/sunny/sunny_01927.jpg; datasets/6a39ed934d7b489daf5f80a4-momodel/train/sunny/sunny_01930.jpg
near_duplicate,near_086,2,2,0,0,0,0,cloudy:2,,datasets/6a39ed934d7b489daf5f80a4-momodel/train/cloudy/cloudy_01399.jpg; datasets/6a39ed934d7b489daf5f80a4-momodel/train/cloudy/cloudy_02178.jpg
near_duplicate,near_087,2,2,0,0,1,0,cloudy:1; rainy:1,,datasets/6a39ed934d7b489daf5f80a4-momodel/train/cloudy/cloudy_01402.jpg; datasets/6a39ed934d7b489daf5f80a4-momodel/train/rainy/rainy_00040.jpg
near_duplicate,near_088,3,3,0,0,0,0,cloudy:3,,datasets/6a39ed934d7b489daf5f80a4-momodel/train/cloudy/cloudy_01405.jpg; datasets/6a39ed934d7b489daf5f80a4-momodel/train/cloudy/cloudy_01987.jpg; datasets/6a39ed934d7b489daf5f80a4-momodel/train/cloudy/cloudy_02163.jpg
near_duplicate,near_089,2,2,0,0,0,0,cloudy:2,,datasets/6a39ed934d7b489daf5f80a4-momodel/train/cloudy/cloudy_01409.jpg; datasets/6a39ed934d7b489daf5f80a4-momodel/train/cloudy/cloudy_02064.jpg
near_duplicate,near_090,2,0,2,0,0,0,cloudy:2,datasets/6a39ed934d7b489daf5f80a4-momodel/train/cloudy/cloudy_01436.jpg; datasets/6a39ed934d7b489daf5f80a4-momodel/train/cloudy/cloudy_02013.jpg,
near_duplicate,near_091,3,3,0,0,0,0,cloudy:3,,datasets/6a39ed934d7b489daf5f80a4-momodel/train/cloudy/cloudy_01450.jpg; datasets/6a39ed934d7b489daf5f80a4-momodel/train/cloudy/cloudy_01795.jpg; datasets/6a39ed934d7b489daf5f80a4-momodel/train/cloudy/cloudy_02066.jpg
near_duplicate,near_092,3,3,0,0,0,0,cloudy:3,,datasets/6a39ed934d7b489daf5f80a4-momodel/train/cloudy/cloudy_01473.jpg; datasets/6a39ed934d7b489daf5f80a4-momodel/train/cloudy/cloudy_02055.jpg; datasets/6a39ed934d7b489daf5f80a4-momodel/train/cloudy/cloudy_02081.jpg
near_duplicate,near_093,2,0,2,0,0,0,cloudy:2,datasets/6a39ed934d7b489daf5f80a4-momodel/train/cloudy/cloudy_01564.jpg; datasets/6a39ed934d7b489daf5f80a4-momodel/train/cloudy/cloudy_02087.jpg,
near_duplicate,near_094,2,2,0,0,0,0,cloudy:2,,datasets/6a39ed934d7b489daf5f80a4-momodel/train/cloudy/cloudy_01569.jpg; datasets/6a39ed934d7b489daf5f80a4-momodel/train/cloudy/cloudy_02069.jpg
near_duplicate,near_095,2,2,0,0,0,0,cloudy:2,,datasets/6a39ed934d7b489daf5f80a4-momodel/train/cloudy/cloudy_01661.jpg; datasets/6a39ed934d7b489daf5f80a4-momodel/train/cloudy/cloudy_02180.jpg
near_duplicate,near_096,2,2,0,0,0,0,cloudy:2,,datasets/6a39ed934d7b489daf5f80a4-momodel/train/cloudy/cloudy_01671.jpg; datasets/6a39ed934d7b489daf5f80a4-momodel/train/cloudy/cloudy_02009.jpg
near_duplicate,near_097,2,2,0,0,0,0,cloudy:2,,datasets/6a39ed934d7b489daf5f80a4-momodel/train/cloudy/cloudy_01723.jpg; datasets/6a39ed934d7b489daf5f80a4-momodel/train/cloudy/cloudy_02157.jpg
near_duplicate,near_098,3,2,1,1,0,0,cloudy:3,datasets/6a39ed934d7b489daf5f80a4-momodel/train/cloudy/cloudy_02038.jpg,datasets/6a39ed934d7b489daf5f80a4-momodel/train/cloudy/cloudy_01802.jpg; datasets/6a39ed934d7b489daf5f80a4-momodel/train/cloudy/cloudy_02113.jpg
near_duplicate,near_099,2,2,0,0,0,0,cloudy:2,,datasets/6a39ed934d7b489daf5f80a4-momodel/train/cloudy/cloudy_01808.jpg; datasets/6a39ed934d7b489daf5f80a4-momodel/train/cloudy/cloudy_02068.jpg
near_duplicate,near_100,2,2,0,0,0,0,cloudy:2,,datasets/6a39ed934d7b489daf5f80a4-momodel/train/cloudy/cloudy_01815.jpg; datasets/6a39ed934d7b489daf5f80a4-momodel/train/cloudy/cloudy_01989.jpg
near_duplicate,near_101,2,2,0,0,0,0,cloudy:2,,datasets/6a39ed934d7b489daf5f80a4-momodel/train/cloudy/cloudy_01865.jpg; datasets/6a39ed934d7b489daf5f80a4-momodel/train/cloudy/cloudy_01963.jpg
near_duplicate,near_102,2,2,0,0,0,0,cloudy:2,,datasets/6a39ed934d7b489daf5f80a4-momodel/train/cloudy/cloudy_01883.jpg; datasets/6a39ed934d7b489daf5f80a4-momodel/train/cloudy/cloudy_01930.jpg
near_duplicate,near_103,2,2,0,0,0,0,cloudy:2,,datasets/6a39ed934d7b489daf5f80a4-momodel/train/cloudy/cloudy_01913.jpg; datasets/6a39ed934d7b489daf5f80a4-momodel/train/cloudy/cloudy_02147.jpg
near_duplicate,near_104,2,2,0,0,0,0,cloudy:2,,datasets/6a39ed934d7b489daf5f80a4-momodel/train/cloudy/cloudy_01934.jpg; datasets/6a39ed934d7b489daf5f80a4-momodel/train/cloudy/cloudy_02035.jpg
near_duplicate,near_105,2,2,0,0,0,0,cloudy:2,,datasets/6a39ed934d7b489daf5f80a4-momodel/train/cloudy/cloudy_01943.jpg; datasets/6a39ed934d7b489daf5f80a4-momodel/train/cloudy/cloudy_02161.jpg
near_duplicate,near_106,2,2,0,0,0,0,cloudy:2,,datasets/6a39ed934d7b489daf5f80a4-momodel/train/cloudy/cloudy_01957.jpg; datasets/6a39ed934d7b489daf5f80a4-momodel/train/cloudy/cloudy_02179.jpg
near_duplicate,near_107,2,1,1,1,0,0,cloudy:2,datasets/6a39ed934d7b489daf5f80a4-momodel/train/cloudy/cloudy_02037.jpg,datasets/6a39ed934d7b489daf5f80a4-momodel/train/cloudy/cloudy_01967.jpg
near_duplicate,near_108,2,2,0,0,0,0,cloudy:2,,datasets/6a39ed934d7b489daf5f80a4-momodel/train/cloudy/cloudy_01975.jpg; datasets/6a39ed934d7b489daf5f80a4-momodel/train/cloudy/cloudy_02136.jpg
near_duplicate,near_109,2,2,0,0,0,0,cloudy:2,,datasets/6a39ed934d7b489daf5f80a4-momodel/train/cloudy/cloudy_01978.jpg; datasets/6a39ed934d7b489daf5f80a4-momodel/train/cloudy/cloudy_01983.jpg
near_duplicate,near_110,2,1,1,1,0,0,cloudy:2,datasets/6a39ed934d7b489daf5f80a4-momodel/train/cloudy/cloudy_01995.jpg,datasets/6a39ed934d7b489daf5f80a4-momodel/train/cloudy/cloudy_02138.jpg
near_duplicate,near_111,3,2,1,1,0,0,cloudy:3,datasets/6a39ed934d7b489daf5f80a4-momodel/train/cloudy/cloudy_02015.jpg,datasets/6a39ed934d7b489daf5f80a4-momodel/train/cloudy/cloudy_02050.jpg; datasets/6a39ed934d7b489daf5f80a4-momodel/train/cloudy/cloudy_02109.jpg
near_duplicate,near_112,3,3,0,0,0,0,cloudy:3,,datasets/6a39ed934d7b489daf5f80a4-momodel/train/cloudy/cloudy_02054.jpg; datasets/6a39ed934d7b489daf5f80a4-momodel/train/cloudy/cloudy_02102.jpg; datasets/6a39ed934d7b489daf5f80a4-momodel/train/cloudy/cloudy_02105.jpg
near_duplicate,near_113,2,2,0,0,0,0,cloudy:2,,datasets/6a39ed934d7b489daf5f80a4-momodel/train/cloudy/cloudy_02060.jpg; datasets/6a39ed934d7b489daf5f80a4-momodel/train/cloudy/cloudy_02158.jpg
near_duplicate,near_114,2,2,0,0,0,0,cloudy:2,,datasets/6a39ed934d7b489daf5f80a4-momodel/train/cloudy/cloudy_02062.jpg; datasets/6a39ed934d7b489daf5f80a4-momodel/train/cloudy/cloudy_02165.jpg
near_duplicate,near_115,2,0,2,0,0,0,cloudy:2,datasets/6a39ed934d7b489daf5f80a4-momodel/train/cloudy/cloudy_02104.jpg; datasets/6a39ed934d7b489daf5f80a4-momodel/train/cloudy/cloudy_02135.jpg,
near_duplicate,near_116,2,0,2,0,0,0,cloudy:2,datasets/6a39ed934d7b489daf5f80a4-momodel/train/cloudy/cloudy_02124.jpg; datasets/6a39ed934d7b489daf5f80a4-momodel/train/cloudy/cloudy_02184.jpg,
near_duplicate,near_117,3,3,0,0,0,0,rainy:3,,datasets/6a39ed934d7b489daf5f80a4-momodel/train/rainy/rainy_00111.jpg; datasets/6a39ed934d7b489daf5f80a4-momodel/train/rainy/rainy_00136.jpg; datasets/6a39ed934d7b489daf5f80a4-momodel/train/rainy/rainy_00289.jpg
near_duplicate,near_118,2,2,0,0,0,0,rainy:2,,datasets/6a39ed934d7b489daf5f80a4-momodel/train/rainy/rainy_00180.jpg; datasets/6a39ed934d7b489daf5f80a4-momodel/train/rainy/rainy_00437.jpg
near_duplicate,near_119,4,3,1,1,1,0,rainy:3; sunny:1,datasets/6a39ed934d7b489daf5f80a4-momodel/train/sunny/sunny_01940.jpg,datasets/6a39ed934d7b489daf5f80a4-momodel/train/rainy/rainy_00193.jpg; datasets/6a39ed934d7b489daf5f80a4-momodel/train/rainy/rainy_00264.jpg; datasets/6a39ed934d7b489daf5f80a4-momodel/train/rainy/rainy_00428.jpg
near_duplicate,near_120,2,2,0,0,0,0,rainy:2,,datasets/6a39ed934d7b489daf5f80a4-momodel/train/rainy/rainy_00260.jpg; datasets/6a39ed934d7b489daf5f80a4-momodel/train/rainy/rainy_00425.jpg
near_duplicate,near_121,3,3,0,0,0,0,rainy:3,,datasets/6a39ed934d7b489daf5f80a4-momodel/train/rainy/rainy_00300.jpg; datasets/6a39ed934d7b489daf5f80a4-momodel/train/rainy/rainy_00429.jpg; datasets/6a39ed934d7b489daf5f80a4-momodel/train/rainy/rainy_00442.jpg
near_duplicate,near_122,4,0,4,0,0,0,rainy:4,datasets/6a39ed934d7b489daf5f80a4-momodel/train/rainy/rainy_00375.jpg; datasets/6a39ed934d7b489daf5f80a4-momodel/train/rainy/rainy_00421.jpg; datasets/6a39ed934d7b489daf5f80a4-momodel/train/rainy/rainy_00430.jpg; datasets/6a39ed934d7b489daf5f80a4-momodel/train/rainy/rainy_00435.jpg,
near_duplicate,near_123,2,2,0,0,0,0,rainy:2,,datasets/6a39ed934d7b489daf5f80a4-momodel/train/rainy/rainy_00424.jpg; datasets/6a39ed934d7b489daf5f80a4-momodel/train/rainy/rainy_00445.jpg
near_duplicate,near_124,2,2,0,0,0,0,snowy:2,,datasets/6a39ed934d7b489daf5f80a4-momodel/train/snowy/snowy_00119.jpg; datasets/6a39ed934d7b489daf5f80a4-momodel/train/snowy/snowy_00134.jpg
near_duplicate,near_125,4,4,0,0,0,0,sunny:4,,datasets/6a39ed934d7b489daf5f80a4-momodel/train/sunny/sunny_00116.jpg; datasets/6a39ed934d7b489daf5f80a4-momodel/train/sunny/sunny_01366.jpg; datasets/6a39ed934d7b489daf5f80a4-momodel/train/sunny/sunny_01804.jpg; datasets/6a39ed934d7b489daf5f80a4-momodel/train/sunny/sunny_01807.jpg
near_duplicate,near_126,2,2,0,0,0,0,sunny:2,,datasets/6a39ed934d7b489daf5f80a4-momodel/train/sunny/sunny_00130.jpg; datasets/6a39ed934d7b489daf5f80a4-momodel/train/sunny/sunny_01896.jpg
near_duplicate,near_127,2,2,0,0,0,0,sunny:2,,datasets/6a39ed934d7b489daf5f80a4-momodel/train/sunny/sunny_00230.jpg; datasets/6a39ed934d7b489daf5f80a4-momodel/train/sunny/sunny_01867.jpg
near_duplicate,near_128,5,5,0,0,0,0,sunny:5,,datasets/6a39ed934d7b489daf5f80a4-momodel/train/sunny/sunny_00254.jpg; datasets/6a39ed934d7b489daf5f80a4-momodel/train/sunny/sunny_00619.jpg; datasets/6a39ed934d7b489daf5f80a4-momodel/train/sunny/sunny_00669.jpg; datasets/6a39ed934d7b489daf5f80a4-momodel/train/sunny/sunny_01826.jpg; datasets/6a39ed934d7b489daf5f80a4-momodel/train/sunny/sunny_01897.jpg
near_duplicate,near_129,2,2,0,0,0,0,sunny:2,,datasets/6a39ed934d7b489daf5f80a4-momodel/train/sunny/sunny_00260.jpg; datasets/6a39ed934d7b489daf5f80a4-momodel/train/sunny/sunny_01933.jpg
near_duplicate,near_130,2,2,0,0,0,0,sunny:2,,datasets/6a39ed934d7b489daf5f80a4-momodel/train/sunny/sunny_00262.jpg; datasets/6a39ed934d7b489daf5f80a4-momodel/train/sunny/sunny_01851.jpg
near_duplicate,near_131,2,2,0,0,0,0,sunny:2,,datasets/6a39ed934d7b489daf5f80a4-momodel/train/sunny/sunny_00264.jpg; datasets/6a39ed934d7b489daf5f80a4-momodel/train/sunny/sunny_01822.jpg
near_duplicate,near_132,2,0,2,0,0,0,sunny:2,datasets/6a39ed934d7b489daf5f80a4-momodel/train/sunny/sunny_00301.jpg; datasets/6a39ed934d7b489daf5f80a4-momodel/train/sunny/sunny_01956.jpg,
near_duplicate,near_133,2,2,0,0,0,0,sunny:2,,datasets/6a39ed934d7b489daf5f80a4-momodel/train/sunny/sunny_00353.jpg; datasets/6a39ed934d7b489daf5f80a4-momodel/train/sunny/sunny_01910.jpg
near_duplicate,near_134,4,4,0,0,0,0,sunny:4,,datasets/6a39ed934d7b489daf5f80a4-momodel/train/sunny/sunny_00367.jpg; datasets/6a39ed934d7b489daf5f80a4-momodel/train/sunny/sunny_01722.jpg; datasets/6a39ed934d7b489daf5f80a4-momodel/train/sunny/sunny_01815.jpg; datasets/6a39ed934d7b489daf5f80a4-momodel/train/sunny/sunny_01886.jpg
near_duplicate,near_135,2,2,0,0,0,0,sunny:2,,datasets/6a39ed934d7b489daf5f80a4-momodel/train/sunny/sunny_00408.jpg; datasets/6a39ed934d7b489daf5f80a4-momodel/train/sunny/sunny_01941.jpg
near_duplicate,near_136,2,2,0,0,0,0,sunny:2,,datasets/6a39ed934d7b489daf5f80a4-momodel/train/sunny/sunny_00498.jpg; datasets/6a39ed934d7b489daf5f80a4-momodel/train/sunny/sunny_01964.jpg
near_duplicate,near_137,2,2,0,0,0,0,sunny:2,,datasets/6a39ed934d7b489daf5f80a4-momodel/train/sunny/sunny_00504.jpg; datasets/6a39ed934d7b489daf5f80a4-momodel/train/sunny/sunny_00954.jpg
near_duplicate,near_138,2,2,0,0,0,0,sunny:2,,datasets/6a39ed934d7b489daf5f80a4-momodel/train/sunny/sunny_00519.jpg; datasets/6a39ed934d7b489daf5f80a4-momodel/train/sunny/sunny_01803.jpg
near_duplicate,near_139,3,3,0,0,0,0,sunny:3,,datasets/6a39ed934d7b489daf5f80a4-momodel/train/sunny/sunny_00541.jpg; datasets/6a39ed934d7b489daf5f80a4-momodel/train/sunny/sunny_01842.jpg; datasets/6a39ed934d7b489daf5f80a4-momodel/train/sunny/sunny_01952.jpg
near_duplicate,near_140,2,2,0,0,0,0,sunny:2,,datasets/6a39ed934d7b489daf5f80a4-momodel/train/sunny/sunny_00543.jpg; datasets/6a39ed934d7b489daf5f80a4-momodel/train/sunny/sunny_01870.jpg
near_duplicate,near_141,2,2,0,0,0,0,sunny:2,,datasets/6a39ed934d7b489daf5f80a4-momodel/train/sunny/sunny_00570.jpg; datasets/6a39ed934d7b489daf5f80a4-momodel/train/sunny/sunny_01829.jpg
near_duplicate,near_142,3,3,0,0,0,0,sunny:3,,datasets/6a39ed934d7b489daf5f80a4-momodel/train/sunny/sunny_00571.jpg; datasets/6a39ed934d7b489daf5f80a4-momodel/train/sunny/sunny_00986.jpg; datasets/6a39ed934d7b489daf5f80a4-momodel/train/sunny/sunny_01942.jpg
near_duplicate,near_143,2,2,0,0,0,0,sunny:2,,datasets/6a39ed934d7b489daf5f80a4-momodel/train/sunny/sunny_00574.jpg; datasets/6a39ed934d7b489daf5f80a4-momodel/train/sunny/sunny_01840.jpg
near_duplicate,near_144,3,3,0,0,0,0,sunny:3,,datasets/6a39ed934d7b489daf5f80a4-momodel/train/sunny/sunny_00591.jpg; datasets/6a39ed934d7b489daf5f80a4-momodel/train/sunny/sunny_01824.jpg; datasets/6a39ed934d7b489daf5f80a4-momodel/train/sunny/sunny_01876.jpg
near_duplicate,near_145,2,2,0,0,0,0,sunny:2,,datasets/6a39ed934d7b489daf5f80a4-momodel/train/sunny/sunny_00599.jpg; datasets/6a39ed934d7b489daf5f80a4-momodel/train/sunny/sunny_01957.jpg
near_duplicate,near_146,2,1,1,1,0,0,sunny:2,datasets/6a39ed934d7b489daf5f80a4-momodel/train/sunny/sunny_00652.jpg,datasets/6a39ed934d7b489daf5f80a4-momodel/train/sunny/sunny_01579.jpg
near_duplicate,near_147,2,0,2,0,0,0,sunny:2,datasets/6a39ed934d7b489daf5f80a4-momodel/train/sunny/sunny_00685.jpg; datasets/6a39ed934d7b489daf5f80a4-momodel/train/sunny/sunny_01832.jpg,
near_duplicate,near_148,2,2,0,0,0,0,sunny:2,,datasets/6a39ed934d7b489daf5f80a4-momodel/train/sunny/sunny_00785.jpg; datasets/6a39ed934d7b489daf5f80a4-momodel/train/sunny/sunny_01911.jpg
near_duplicate,near_149,2,2,0,0,0,0,sunny:2,,datasets/6a39ed934d7b489daf5f80a4-momodel/train/sunny/sunny_00789.jpg; datasets/6a39ed934d7b489daf5f80a4-momodel/train/sunny/sunny_01924.jpg
near_duplicate,near_150,2,2,0,0,0,0,sunny:2,,datasets/6a39ed934d7b489daf5f80a4-momodel/train/sunny/sunny_00831.jpg; datasets/6a39ed934d7b489daf5f80a4-momodel/train/sunny/sunny_01835.jpg
near_duplicate,near_151,2,2,0,0,0,0,sunny:2,,datasets/6a39ed934d7b489daf5f80a4-momodel/train/sunny/sunny_00850.jpg; datasets/6a39ed934d7b489daf5f80a4-momodel/train/sunny/sunny_01799.jpg
near_duplicate,near_152,2,2,0,0,0,0,sunny:2,,datasets/6a39ed934d7b489daf5f80a4-momodel/train/sunny/sunny_00898.jpg; datasets/6a39ed934d7b489daf5f80a4-momodel/train/sunny/sunny_01959.jpg
near_duplicate,near_153,2,2,0,0,0,0,sunny:2,,datasets/6a39ed934d7b489daf5f80a4-momodel/train/sunny/sunny_00905.jpg; datasets/6a39ed934d7b489daf5f80a4-momodel/train/sunny/sunny_01917.jpg
near_duplicate,near_154,5,5,0,0,0,0,sunny:5,,datasets/6a39ed934d7b489daf5f80a4-momodel/train/sunny/sunny_00906.jpg; datasets/6a39ed934d7b489daf5f80a4-momodel/train/sunny/sunny_01839.jpg; datasets/6a39ed934d7b489daf5f80a4-momodel/train/sunny/sunny_01844.jpg; datasets/6a39ed934d7b489daf5f80a4-momodel/train/sunny/sunny_01865.jpg; datasets/6a39ed934d7b489daf5f80a4-momodel/train/sunny/sunny_01966.jpg
near_duplicate,near_155,2,0,2,0,0,0,sunny:2,datasets/6a39ed934d7b489daf5f80a4-momodel/train/sunny/sunny_00919.jpg; datasets/6a39ed934d7b489daf5f80a4-momodel/train/sunny/sunny_01937.jpg,
near_duplicate,near_156,2,2,0,0,0,0,sunny:2,,datasets/6a39ed934d7b489daf5f80a4-momodel/train/sunny/sunny_00932.jpg; datasets/6a39ed934d7b489daf5f80a4-momodel/train/sunny/sunny_01948.jpg
near_duplicate,near_157,2,1,1,1,0,0,sunny:2,datasets/6a39ed934d7b489daf5f80a4-momodel/train/sunny/sunny_01569.jpg,datasets/6a39ed934d7b489daf5f80a4-momodel/train/sunny/sunny_00967.jpg
near_duplicate,near_158,6,6,0,0,0,0,sunny:6,,datasets/6a39ed934d7b489daf5f80a4-momodel/train/sunny/sunny_00968.jpg; datasets/6a39ed934d7b489daf5f80a4-momodel/train/sunny/sunny_01713.jpg; datasets/6a39ed934d7b489daf5f80a4-momodel/train/sunny/sunny_01805.jpg; datasets/6a39ed934d7b489daf5f80a4-momodel/train/sunny/sunny_01872.jpg; datasets/6a39ed934d7b489daf5f80a4-momodel/train/sunny/sunny_01902.jpg; datasets/6a39ed934d7b489daf5f80a4-momodel/train/sunny/sunny_01907.jpg
near_duplicate,near_159,3,3,0,0,0,0,sunny:3,,datasets/6a39ed934d7b489daf5f80a4-momodel/train/sunny/sunny_00984.jpg; datasets/6a39ed934d7b489daf5f80a4-momodel/train/sunny/sunny_01894.jpg; datasets/6a39ed934d7b489daf5f80a4-momodel/train/sunny/sunny_01935.jpg
near_duplicate,near_160,2,2,0,0,0,0,sunny:2,,datasets/6a39ed934d7b489daf5f80a4-momodel/train/sunny/sunny_01001.jpg; datasets/6a39ed934d7b489daf5f80a4-momodel/train/sunny/sunny_01919.jpg
near_duplicate,near_161,2,0,2,0,0,0,sunny:2,datasets/6a39ed934d7b489daf5f80a4-momodel/train/sunny/sunny_01022.jpg; datasets/6a39ed934d7b489daf5f80a4-momodel/train/sunny/sunny_01878.jpg,
near_duplicate,near_162,2,2,0,0,0,0,sunny:2,,datasets/6a39ed934d7b489daf5f80a4-momodel/train/sunny/sunny_01080.jpg; datasets/6a39ed934d7b489daf5f80a4-momodel/train/sunny/sunny_01893.jpg
near_duplicate,near_163,3,3,0,0,0,0,sunny:3,,datasets/6a39ed934d7b489daf5f80a4-momodel/train/sunny/sunny_01112.jpg; datasets/6a39ed934d7b489daf5f80a4-momodel/train/sunny/sunny_01862.jpg; datasets/6a39ed934d7b489daf5f80a4-momodel/train/sunny/sunny_01909.jpg
near_duplicate,near_164,4,2,2,1,0,0,sunny:4,datasets/6a39ed934d7b489daf5f80a4-momodel/train/sunny/sunny_01140.jpg; datasets/6a39ed934d7b489daf5f80a4-momodel/train/sunny/sunny_01866.jpg,datasets/6a39ed934d7b489daf5f80a4-momodel/train/sunny/sunny_01877.jpg; datasets/6a39ed934d7b489daf5f80a4-momodel/train/sunny/sunny_01954.jpg
near_duplicate,near_165,3,3,0,0,0,0,sunny:3,,datasets/6a39ed934d7b489daf5f80a4-momodel/train/sunny/sunny_01144.jpg; datasets/6a39ed934d7b489daf5f80a4-momodel/train/sunny/sunny_01855.jpg; datasets/6a39ed934d7b489daf5f80a4-momodel/train/sunny/sunny_01899.jpg
near_duplicate,near_166,2,2,0,0,0,0,sunny:2,,datasets/6a39ed934d7b489daf5f80a4-momodel/train/sunny/sunny_01148.jpg; datasets/6a39ed934d7b489daf5f80a4-momodel/train/sunny/sunny_01860.jpg
near_duplicate,near_167,2,0,2,0,0,0,sunny:2,datasets/6a39ed934d7b489daf5f80a4-momodel/train/sunny/sunny_01233.jpg; datasets/6a39ed934d7b489daf5f80a4-momodel/train/sunny/sunny_01841.jpg,
near_duplicate,near_168,2,0,2,0,0,0,sunny:2,datasets/6a39ed934d7b489daf5f80a4-momodel/train/sunny/sunny_01236.jpg; datasets/6a39ed934d7b489daf5f80a4-momodel/train/sunny/sunny_01946.jpg,
near_duplicate,near_169,2,2,0,0,0,0,sunny:2,,datasets/6a39ed934d7b489daf5f80a4-momodel/train/sunny/sunny_01291.jpg; datasets/6a39ed934d7b489daf5f80a4-momodel/train/sunny/sunny_01901.jpg
near_duplicate,near_170,2,2,0,0,0,0,sunny:2,,datasets/6a39ed934d7b489daf5f80a4-momodel/train/sunny/sunny_01321.jpg; datasets/6a39ed934d7b489daf5f80a4-momodel/train/sunny/sunny_01810.jpg
near_duplicate,near_171,2,2,0,0,0,0,sunny:2,,datasets/6a39ed934d7b489daf5f80a4-momodel/train/sunny/sunny_01374.jpg; datasets/6a39ed934d7b489daf5f80a4-momodel/train/sunny/sunny_01843.jpg
near_duplicate,near_172,2,2,0,0,0,0,sunny:2,,datasets/6a39ed934d7b489daf5f80a4-momodel/train/sunny/sunny_01417.jpg; datasets/6a39ed934d7b489daf5f80a4-momodel/train/sunny/sunny_01798.jpg
near_duplicate,near_173,2,0,2,0,0,0,sunny:2,datasets/6a39ed934d7b489daf5f80a4-momodel/train/sunny/sunny_01447.jpg; datasets/6a39ed934d7b489daf5f80a4-momodel/train/sunny/sunny_01965.jpg,
near_duplicate,near_174,2,2,0,0,0,0,sunny:2,,datasets/6a39ed934d7b489daf5f80a4-momodel/train/sunny/sunny_01454.jpg; datasets/6a39ed934d7b489daf5f80a4-momodel/train/sunny/sunny_01836.jpg
near_duplicate,near_175,2,2,0,0,0,0,sunny:2,,datasets/6a39ed934d7b489daf5f80a4-momodel/train/sunny/sunny_01487.jpg; datasets/6a39ed934d7b489daf5f80a4-momodel/train/sunny/sunny_01960.jpg
near_duplicate,near_176,2,2,0,0,0,0,sunny:2,,datasets/6a39ed934d7b489daf5f80a4-momodel/train/sunny/sunny_01523.jpg; datasets/6a39ed934d7b489daf5f80a4-momodel/train/sunny/sunny_01881.jpg
near_duplicate,near_177,2,2,0,0,0,0,sunny:2,,datasets/6a39ed934d7b489daf5f80a4-momodel/train/sunny/sunny_01593.jpg; datasets/6a39ed934d7b489daf5f80a4-momodel/train/sunny/sunny_01838.jpg
near_duplicate,near_178,2,2,0,0,0,0,sunny:2,,datasets/6a39ed934d7b489daf5f80a4-momodel/train/sunny/sunny_01619.jpg; datasets/6a39ed934d7b489daf5f80a4-momodel/train/sunny/sunny_01859.jpg
near_duplicate,near_179,2,2,0,0,0,0,sunny:2,,datasets/6a39ed934d7b489daf5f80a4-momodel/train/sunny/sunny_01671.jpg; datasets/6a39ed934d7b489daf5f80a4-momodel/train/sunny/sunny_01816.jpg
near_duplicate,near_180,3,3,0,0,0,0,sunny:3,,datasets/6a39ed934d7b489daf5f80a4-momodel/train/sunny/sunny_01694.jpg; datasets/6a39ed934d7b489daf5f80a4-momodel/train/sunny/sunny_01880.jpg; datasets/6a39ed934d7b489daf5f80a4-momodel/train/sunny/sunny_01900.jpg
near_duplicate,near_181,2,0,2,0,0,0,sunny:2,datasets/6a39ed934d7b489daf5f80a4-momodel/train/sunny/sunny_01712.jpg; datasets/6a39ed934d7b489daf5f80a4-momodel/train/sunny/sunny_01818.jpg,
near_duplicate,near_182,2,2,0,0,0,0,sunny:2,,datasets/6a39ed934d7b489daf5f80a4-momodel/train/sunny/sunny_01718.jpg; datasets/6a39ed934d7b489daf5f80a4-momodel/train/sunny/sunny_01889.jpg
near_duplicate,near_183,2,2,0,0,0,0,sunny:2,,datasets/6a39ed934d7b489daf5f80a4-momodel/train/sunny/sunny_01755.jpg; datasets/6a39ed934d7b489daf5f80a4-momodel/train/sunny/sunny_01925.jpg
near_duplicate,near_184,2,2,0,0,0,0,sunny:2,,datasets/6a39ed934d7b489daf5f80a4-momodel/train/sunny/sunny_01768.jpg; datasets/6a39ed934d7b489daf5f80a4-momodel/train/sunny/sunny_01903.jpg
near_duplicate,near_185,2,2,0,0,0,0,sunny:2,,datasets/6a39ed934d7b489daf5f80a4-momodel/train/sunny/sunny_01769.jpg; datasets/6a39ed934d7b489daf5f80a4-momodel/train/sunny/sunny_01820.jpg
near_duplicate,near_186,3,2,1,1,0,0,sunny:3,datasets/6a39ed934d7b489daf5f80a4-momodel/train/sunny/sunny_01928.jpg,datasets/6a39ed934d7b489daf5f80a4-momodel/train/sunny/sunny_01784.jpg; datasets/6a39ed934d7b489daf5f80a4-momodel/train/sunny/sunny_01926.jpg
near_duplicate,near_187,2,2,0,0,0,0,sunny:2,,datasets/6a39ed934d7b489daf5f80a4-momodel/train/sunny/sunny_01802.jpg; datasets/6a39ed934d7b489daf5f80a4-momodel/train/sunny/sunny_01905.jpg
near_duplicate,near_188,2,2,0,0,0,0,sunny:2,,datasets/6a39ed934d7b489daf5f80a4-momodel/train/sunny/sunny_01813.jpg; datasets/6a39ed934d7b489daf5f80a4-momodel/train/sunny/sunny_01953.jpg
near_duplicate,near_189,2,2,0,0,0,0,sunny:2,,datasets/6a39ed934d7b489daf5f80a4-momodel/train/sunny/sunny_01828.jpg; datasets/6a39ed934d7b489daf5f80a4-momodel/train/sunny/sunny_01852.jpg
near_duplicate,near_190,2,2,0,0,0,0,sunny:2,,datasets/6a39ed934d7b489daf5f80a4-momodel/train/sunny/sunny_01833.jpg; datasets/6a39ed934d7b489daf5f80a4-momodel/train/sunny/sunny_01951.jpg
near_duplicate,near_191,2,2,0,0,0,0,sunny:2,,datasets/6a39ed934d7b489daf5f80a4-momodel/train/sunny/sunny_01854.jpg; datasets/6a39ed934d7b489daf5f80a4-momodel/train/sunny/sunny_01913.jpg
near_duplicate,near_192,2,2,0,0,0,0,sunny:2,,datasets/6a39ed934d7b489daf5f80a4-momodel/train/sunny/sunny_01931.jpg; datasets/6a39ed934d7b489daf5f80a4-momodel/train/sunny/sunny_01936.jpg
near_duplicate,near_193,2,1,1,1,0,0,sunny:2,datasets/6a39ed934d7b489daf5f80a4-momodel/train/sunny/sunny_01958.jpg,datasets/6a39ed934d7b489daf5f80a4-momodel/train/sunny/sunny_01934.jpg
